,CMIE Expr,CMIE Expr,CMIE Expr,CMIE Expr,CMIE Expr,CMIE Expr,CMIE Expr,CMIE Expr,CMIE Expr,CMIE Expr,CMIE Expr,CMIE Expr,CMIE Expr,CMIE Expr,CMIE Expr,CMIE Expr,CMIE Expr,CMIE Expr,CMIE Expr,CMIE Expr,CMIE Expr,CMIE Expr,CMIE Expr,CMIE Expr,CMIE Expr,CMIE Expr,CMIE Expr,CMIE Expr,CMIE Expr,CMIE Expr,CMIE Expr,CMIE Expr,CMIE Expr,CMIE Expr,CMIE Expr,CMIE Expr,CMIE Expr,CMIE Expr,CMIE Expr,CMIE Expr,CMIE Expr,CMIE Expr,CMIE Expr,CMIE Expr,CMIE Expr,CMIE Expr,CMIE Expr,CMIE Expr,CMIE Expr,CMIE Expr,CMIE Expr,CMIE Expr,CMIE Expr,CMIE Expr,CMIE Expr,CMIE Expr,CMIE Expr,CMIE Expr,CMIE Expr,CMIE Expr,CMIE Expr,CMIE Expr,CMIE Expr,CMIE Expr,CMIE Expr,CMIE Expr,CMIE Expr,CMIE Expr,CMIE Expr,CMIE Expr,CMIE Expr,CMIE Expr,CMIE Expr,CMIE Expr,CMIE Expr,CMIE Expr,CMIE Expr,CMIE Expr,CMIE Expr,CMIE Expr,CMIE Expr,CMIE Expr,CMIE Expr,CMIE Expr,CMIE Expr,CMIE Expr,CMIE Expr,CMIE Expr,CMIE Expr,CMIE Expr,CMIE Expr,CMIE Expr,CMIE Expr,CMIE Expr,CMIE Expr,CMIE Expr,CMIE Expr,CMIE Expr,CMIE Expr,CMIE Expr,CMIE Expr,CMIE Expr,CMIE Expr,CMIE Expr,CMIE Expr,CMIE Expr,CMIE Expr,CMIE Expr,CMIE Expr,CMIE Expr,CMIE Expr,CMIE Expr,CMIE Expr,CMIE Expr,CMIE Expr,CMIE Expr,CMIE Expr,CMIE Expr,CMIE Expr,CMIE Expr,CMIE Expr,CMIE Expr,CMIE Expr,CMIE Expr,CMIE Expr,CMIE Expr,CMIE Expr,CMIE Expr,CMIE Expr,CMIE Expr,CMIE Expr,CMIE Expr,CMIE Expr,CMIE Expr,CMIE Expr,CMIE Expr,CMIE Expr,CMIE Expr,CMIE Expr,CMIE Expr,CMIE Expr,CMIE Expr,CMIE Expr,CMIE Expr,CMIE Expr,CMIE Expr,CMIE Expr,CMIE Expr,CMIE Expr,CMIE Expr,CMIE Expr,CMIE Expr,CMIE Expr,CMIE Expr,CMIE Expr,CMIE Expr,CMIE Expr,CMIE Expr,CMIE Expr,CMIE Expr,CMIE Expr,CMIE Expr,CMIE Expr,CMIE Expr,CMIE Expr,CMIE Expr,CMIE Expr,CMIE Expr,CMIE Expr,CMIE Expr,CMIE Expr,CMIE Expr,CMIE Expr,CMIE Expr,CMIE Expr,CMIE Expr,CMIE Expr,CMIE Expr,CMIE Expr,CMIE Expr,CMIE Expr,CMIE Expr,CMIE Expr,CMIE Expr,CMIE Expr,CMIE Expr,CMIE Expr,CMIE Expr,CMIE Expr,CMIE Expr,CMIE Expr,CMIE Expr,CMIE Expr,CMIE Expr,CMIE Expr,CMIE Expr,CMIE Expr,CMIE Expr,CMIE Expr,CMIE Expr,CMIE Expr,CMIE Expr,CMIE Expr,CMIE Expr,CMIE Expr,CMIE Expr,CMIE Expr,CMIE Expr,CMIE Expr,CMIE Expr
,,,,,,,,,,,,,,,,,,,,,,,,,,,,,,,,,,,,,,,,,,,,,,,,,,,,,,,,,,,,,,,,,,,,,,,,,,,,,,,,,,,,,,,,,,,,,,,,,,,,,,,,,,,,,,,,,,,,,,,,,,,,,,,,,,,,,,,,,,,,,,,,,,,,,,,,,,,,,,,,,,,,,,,,,,,,,,,,,,,,,,,,,,,,,,,,,,,,,,,,,,,,,,,,,,
,Annual Finance Standalone,Annual Finance Standalone,Annual Finance Standalone,Annual Finance Standalone,Annual Finance Standalone,Annual Finance Standalone,Annual Finance Standalone,Annual Finance Standalone,Annual Finance Standalone,Annual Finance Standalone,Annual Finance Standalone,Annual Finance Standalone,Annual Finance Standalone,Annual Finance Standalone,Annual Finance Standalone,Annual Finance Standalone,Annual Finance Standalone,Annual Finance Standalone,Annual Finance Standalone,Annual Finance Standalone,Annual Finance Standalone,Annual Finance Standalone,Annual Finance Standalone,Annual Finance Standalone,Annual Finance Standalone,Annual Finance Standalone,Annual Finance Standalone,Annual Finance Standalone,Annual Finance Standalone,Annual Finance Standalone,Annual Finance Standalone,Annual Finance Standalone,Annual Finance Standalone,Annual Finance Standalone,Annual Finance Standalone,Annual Finance Standalone,Annual Finance Standalone,Annual Finance Standalone,Annual Finance Standalone,Annual Finance Standalone,Annual Finance Standalone,Annual Finance Standalone,Annual Finance Standalone,Annual Finance Standalone,Annual Finance Standalone,Annual Finance Standalone,Annual Finance Standalone,Annual Finance Standalone,Annual Finance Standalone,Annual Finance Standalone,Annual Finance Standalone,Annual Finance Standalone,Annual Finance Standalone,Annual Finance Standalone,Annual Finance Standalone,Annual Finance Standalone,Annual Finance Standalone,Annual Finance Standalone,Annual Finance Standalone,Annual Finance Standalone,Annual Finance Standalone,Annual Finance Standalone,Annual Finance Standalone,Annual Finance Standalone,Annual Finance Standalone,Annual Finance Standalone,Annual Finance Standalone,Annual Finance Standalone,Annual Finance Standalone,Annual Finance Standalone,Annual Finance Standalone,Annual Finance Standalone,Annual Finance Standalone,Annual Finance Standalone,Annual Finance Standalone,Annual Finance Standalone,Annual Finance Standalone,Annual Finance Standalone,Annual Finance Standalone,Annual Finance Standalone,Annual Finance Standalone,Annual Finance Standalone,Annual Finance Standalone,Annual Finance Standalone,Annual Finance Standalone,Annual Finance Standalone,Annual Finance Standalone,Annual Finance Standalone,Annual Finance Standalone,Annual Finance Standalone,Annual Finance Standalone,Annual Finance Standalone,Annual Finance Standalone,Annual Finance Standalone,Annual Finance Standalone,Annual Finance Standalone,Annual Finance Standalone,Annual Finance Standalone,Annual Finance Standalone,Annual Finance Standalone,Annual Finance Standalone,Annual Finance Standalone,Annual Finance Standalone,Annual Finance Standalone,Annual Finance Standalone,Annual Finance Standalone,Annual Finance Standalone,Annual Finance Standalone,Annual Finance Standalone,Annual Finance Standalone,Annual Finance Standalone,Annual Finance Standalone,Annual Finance Standalone,Annual Finance Standalone,Annual Finance Standalone,Annual Finance Standalone,Annual Finance Standalone,Annual Finance Standalone,Annual Finance Standalone,Annual Finance Standalone,Annual Finance Standalone,Annual Finance Standalone,Annual Finance Standalone,Annual Finance Standalone,Annual Finance Standalone,Annual Finance Standalone,Annual Finance Standalone,Annual Finance Standalone,Annual Finance Standalone,Annual Finance Standalone,Annual Finance Standalone,Annual Finance Standalone,Annual Finance Standalone,Annual Finance Standalone,Annual Finance Standalone,Annual Finance Standalone,Annual Finance Standalone,Annual Finance Standalone,Annual Finance Standalone,Annual Finance Standalone,Annual Finance Standalone,Annual Finance Standalone,Annual Finance Standalone,Annual Finance Standalone,Annual Finance Standalone,Annual Finance Standalone,Annual Finance Standalone,Annual Finance Standalone,Annual Finance Standalone,Annual Finance Standalone,Annual Finance Standalone,Annual Finance Standalone,Annual Finance Standalone,Annual Finance Standalone,Annual Finance Standalone,Annual Finance Standalone,Annual Finance Standalone,Annual Finance Standalone,Annual Finance Standalone,Annual Finance Standalone,Annual Finance Standalone,Annual Finance Standalone,Annual Finance Standalone,Annual Finance Standalone,Annual Finance Standalone,Annual Finance Standalone,Annual Finance Standalone,Annual Finance Standalone,Annual Finance Standalone,Annual Finance Standalone,Annual Finance Standalone,Annual Finance Standalone,Annual Finance Standalone,Annual Finance Standalone,Annual Finance Standalone,Annual Finance Standalone,Annual Finance Standalone,Annual Finance Standalone,Annual Finance Standalone,Annual Finance Standalone,Annual Finance Standalone,Annual Finance Standalone,Annual Finance Standalone,Annual Finance Standalone,Annual Finance Standalone,Annual Finance Standalone,Annual Finance Standalone,Annual Finance Standalone,Annual Finance Standalone,Annual Finance Standalone,Annual Finance Standalone,Annual Finance Standalone,Annual Finance Standalone,Annual Finance Standalone,Annual Finance Standalone,Annual Finance Standalone,Annual Finance Standalone,Annual Finance Standalone,Annual Finance Standalone,Annual Finance Standalone,Annual Finance Standalone,Annual Finance Standalone,Annual Finance Standalone,Annual Finance Standalone,Annual Finance Standalone,Annual Finance Standalone,Annual Finance Standalone,Annual Finance Standalone,Annual Finance Standalone,Annual Finance Standalone
,Rs. Crore,Rs. Crore,(%),(%),Rs. Crore,Rs. Crore,Rs. Crore,Rs. Crore,Rs. Crore,Rs. Crore,Rs. Crore,Rs. Crore,Rs. Crore,Rs. Crore,Rs. Crore,Rs. Crore,(%),(%),Rs. Crore,Rs. Crore,Rs. Crore,Rs. Crore,Rs. Crore,Rs. Crore,Rs. Crore,Rs. Crore,Rs. Crore,Rs. Crore,Rs. Crore,Rs. Crore,(%),(%),Rs. Crore,Rs. Crore,Rs. Crore,Rs. Crore,Rs. Crore,Rs. Crore,Rs. Crore,Rs. Crore,Rs. Crore,Rs. Crore,Rs. Crore,Rs. Crore,(%),(%),Rs. Crore,Rs. Crore,Rs. Crore,Rs. Crore,Rs. Crore,Rs. Crore,Rs. Crore,Rs. Crore,Rs. Crore,Rs. Crore,Rs. Crore,Rs. Crore,(%),(%),Rs. Crore,Rs. Crore,Rs. Crore,Rs. Crore,Rs. Crore,Rs. Crore,Rs. Crore,Rs. Crore,Rs. Crore,Rs. Crore,Rs. Crore,Rs. Crore,(%),(%),Rs. Crore,Rs. Crore,Rs. Crore,Rs. Crore,Rs. Crore,Rs. Crore,Rs. Crore,Rs. Crore,Rs. Crore,Rs. Crore,Rs. Crore,Rs. Crore,(%),(%),Rs. Crore,Rs. Crore,Rs. Crore,Rs. Crore,Rs. Crore,Rs. Crore,Rs. Crore,Rs. Crore,Rs. Crore,Rs. Crore,Rs. Crore,Rs. Crore,(%),(%),Rs. Crore,Rs. Crore,Rs. Crore,Rs. Crore,Rs. Crore,Rs. Crore,Rs. Crore,Rs. Crore,Rs. Crore,Rs. Crore,Rs. Crore,Rs. Crore,(%),(%),Rs. Crore,Rs. Crore,Rs. Crore,Rs. Crore,Rs. Crore,Rs. Crore,Rs. Crore,Rs. Crore,Rs. Crore,Rs. Crore,Rs. Crore,Rs. Crore,(%),(%),Rs. Crore,Rs. Crore,Rs. Crore,Rs. Crore,Rs. Crore,Rs. Crore,Rs. Crore,Rs. Crore,Rs. Crore,Rs. Crore,Rs. Crore,Rs. Crore,(%),(%),Rs. Crore,Rs. Crore,Rs. Crore,Rs. Crore,Rs. Crore,Rs. Crore,Rs. Crore,Rs. Crore,Rs. Crore,Rs. Crore,Rs. Crore,Rs. Crore,(%),(%),Rs. Crore,Rs. Crore,Rs. Crore,Rs. Crore,Rs. Crore,Rs. Crore,Rs. Crore,Rs. Crore,Rs. Crore,Rs. Crore,Rs. Crore,Rs. Crore,(%),(%),Rs. Crore,Rs. Crore,Rs. Crore,Rs. Crore,Rs. Crore,Rs. Crore,Rs. Crore,Rs. Crore,Rs. Crore,Rs. Crore,Rs. Crore,Rs. Crore,(%),(%),Rs. Crore,Rs. Crore,Rs. Crore,Rs. Crore,Rs. Crore,Rs. Crore,Rs. Crore,Rs. Crore,Rs. Crore,Rs. Crore,Rs. Crore,Rs. Crore,(%),(%),Rs. Crore,Rs. Crore,Rs. Crore,Rs. Crore,Rs. Crore,Rs. Crore,Rs. Crore,Rs. Crore,Rs. Crore,Rs. Crore
,L - 14,L - 14,L - 14,L - 14,L - 14,L - 14,L - 14,L - 14,L - 14,L - 14,L - 14,L - 14,L - 14,L - 14,L - 13,L - 13,L - 13,L - 13,L - 13,L - 13,L - 13,L - 13,L - 13,L - 13,L - 13,L - 13,L - 13,L - 13,L - 12,L - 12,L - 12,L - 12,L - 12,L - 12,L - 12,L - 12,L - 12,L - 12,L - 12,L - 12,L - 12,L - 12,L - 11,L - 11,L - 11,L - 11,L - 11,L - 11,L - 11,L - 11,L - 11,L - 11,L - 11,L - 11,L - 11,L - 11,L - 10,L - 10,L - 10,L - 10,L - 10,L - 10,L - 10,L - 10,L - 10,L - 10,L - 10,L - 10,L - 10,L - 10,L - 9,L - 9,L - 9,L - 9,L - 9,L - 9,L - 9,L - 9,L - 9,L - 9,L - 9,L - 9,L - 9,L - 9,L - 8,L - 8,L - 8,L - 8,L - 8,L - 8,L - 8,L - 8,L - 8,L - 8,L - 8,L - 8,L - 8,L - 8,L - 7,L - 7,L - 7,L - 7,L - 7,L - 7,L - 7,L - 7,L - 7,L - 7,L - 7,L - 7,L - 7,L - 7,L - 6,L - 6,L - 6,L - 6,L - 6,L - 6,L - 6,L - 6,L - 6,L - 6,L - 6,L - 6,L - 6,L - 6,L - 5,L - 5,L - 5,L - 5,L - 5,L - 5,L - 5,L - 5,L - 5,L - 5,L - 5,L - 5,L - 5,L - 5,L - 4,L - 4,L - 4,L - 4,L - 4,L - 4,L - 4,L - 4,L - 4,L - 4,L - 4,L - 4,L - 4,L - 4,L - 3,L - 3,L - 3,L - 3,L - 3,L - 3,L - 3,L - 3,L - 3,L - 3,L - 3,L - 3,L - 3,L - 3,L - 2,L - 2,L - 2,L - 2,L - 2,L - 2,L - 2,L - 2,L - 2,L - 2,L - 2,L - 2,L - 2,L - 2,L - 1,L - 1,L - 1,L - 1,L - 1,L - 1,L - 1,L - 1,L - 1,L - 1,L - 1,L - 1,L - 1,L - 1,L,L,L,L,L,L,L,L,L,L,L,L,L,L
Company Name,Total Gross NPAs - Basel III,Total Net NPAs - Basel III,Gross NPAs to gross advances (%) - Basel III,Net NPAs to net advances (%) - Basel III,Provision for non-performing investment - Basel III,Opening balance of provisions for NPAs - Basel III,Provisions made during the period - Basel III,Transfers made from restructuring & other provisions - Basel III,Transferred to counter-cyclical provisioning buffer - Basel III,Write-off (NPAs) - Basel III,Write-back of excess provisions - Basel III,Closing balance of provisions  for NPAs - Basel III,Write-offs & recoveries booked directly to the income statement - Basel III,Amount of non-performing investment - Basel III,Total Gross NPAs - Basel III,Total Net NPAs - Basel III,Gross NPAs to gross advances (%) - Basel III,Net NPAs to net advances (%) - Basel III,Provision for non-performing investment - Basel III,Opening balance of provisions for NPAs - Basel III,Provisions made during the period - Basel III,Transfers made from restructuring & other provisions - Basel III,Transferred to counter-cyclical provisioning buffer - Basel III,Write-off (NPAs) - Basel III,Write-back of excess provisions - Basel III,Closing balance of provisions  for NPAs - Basel III,Write-offs & recoveries booked directly to the income statement - Basel III,Amount of non-performing investment - Basel III,Total Gross NPAs - Basel III,Total Net NPAs - Basel III,Gross NPAs to gross advances (%) - Basel III,Net NPAs to net advances (%) - Basel III,Provision for non-performing investment - Basel III,Opening balance of provisions for NPAs - Basel III,Provisions made during the period - Basel III,Transfers made from restructuring & other provisions - Basel III,Transferred to counter-cyclical provisioning buffer - Basel III,Write-off (NPAs) - Basel III,Write-back of excess provisions - Basel III,Closing balance of provisions  for NPAs - Basel III,Write-offs & recoveries booked directly to the income statement - Basel III,Amount of non-performing investment - Basel III,Total Gross NPAs - Basel III,Total Net NPAs - Basel III,Gross NPAs to gross advances (%) - Basel III,Net NPAs to net advances (%) - Basel III,Provision for non-performing investment - Basel III,Opening balance of provisions for NPAs - Basel III,Provisions made during the period - Basel III,Transfers made from restructuring & other provisions - Basel III,Transferred to counter-cyclical provisioning buffer - Basel III,Write-off (NPAs) - Basel III,Write-back of excess provisions - Basel III,Closing balance of provisions  for NPAs - Basel III,Write-offs & recoveries booked directly to the income statement - Basel III,Amount of non-performing investment - Basel III,Total Gross NPAs - Basel III,Total Net NPAs - Basel III,Gross NPAs to gross advances (%) - Basel III,Net NPAs to net advances (%) - Basel III,Provision for non-performing investment - Basel III,Opening balance of provisions for NPAs - Basel III,Provisions made during the period - Basel III,Transfers made from restructuring & other provisions - Basel III,Transferred to counter-cyclical provisioning buffer - Basel III,Write-off (NPAs) - Basel III,Write-back of excess provisions - Basel III,Closing balance of provisions  for NPAs - Basel III,Write-offs & recoveries booked directly to the income statement - Basel III,Amount of non-performing investment - Basel III,Total Gross NPAs - Basel III,Total Net NPAs - Basel III,Gross NPAs to gross advances (%) - Basel III,Net NPAs to net advances (%) - Basel III,Provision for non-performing investment - Basel III,Opening balance of provisions for NPAs - Basel III,Provisions made during the period - Basel III,Transfers made from restructuring & other provisions - Basel III,Transferred to counter-cyclical provisioning buffer - Basel III,Write-off (NPAs) - Basel III,Write-back of excess provisions - Basel III,Closing balance of provisions  for NPAs - Basel III,Write-offs & recoveries booked directly to the income statement - Basel III,Amount of non-performing investment - Basel III,Total Gross NPAs - Basel III,Total Net NPAs - Basel III,Gross NPAs to gross advances (%) - Basel III,Net NPAs to net advances (%) - Basel III,Provision for non-performing investment - Basel III,Opening balance of provisions for NPAs - Basel III,Provisions made during the period - Basel III,Transfers made from restructuring & other provisions - Basel III,Transferred to counter-cyclical provisioning buffer - Basel III,Write-off (NPAs) - Basel III,Write-back of excess provisions - Basel III,Closing balance of provisions  for NPAs - Basel III,Write-offs & recoveries booked directly to the income statement - Basel III,Amount of non-performing investment - Basel III,Total Gross NPAs - Basel III,Total Net NPAs - Basel III,Gross NPAs to gross advances (%) - Basel III,Net NPAs to net advances (%) - Basel III,Provision for non-performing investment - Basel III,Opening balance of provisions for NPAs - Basel III,Provisions made during the period - Basel III,Transfers made from restructuring & other provisions - Basel III,Transferred to counter-cyclical provisioning buffer - Basel III,Write-off (NPAs) - Basel III,Write-back of excess provisions - Basel III,Closing balance of provisions  for NPAs - Basel III,Write-offs & recoveries booked directly to the income statement - Basel III,Amount of non-performing investment - Basel III,Total Gross NPAs - Basel III,Total Net NPAs - Basel III,Gross NPAs to gross advances (%) - Basel III,Net NPAs to net advances (%) - Basel III,Provision for non-performing investment - Basel III,Opening balance of provisions for NPAs - Basel III,Provisions made during the period - Basel III,Transfers made from restructuring & other provisions - Basel III,Transferred to counter-cyclical provisioning buffer - Basel III,Write-off (NPAs) - Basel III,Write-back of excess provisions - Basel III,Closing balance of provisions  for NPAs - Basel III,Write-offs & recoveries booked directly to the income statement - Basel III,Amount of non-performing investment - Basel III,Total Gross NPAs - Basel III,Total Net NPAs - Basel III,Gross NPAs to gross advances (%) - Basel III,Net NPAs to net advances (%) - Basel III,Provision for non-performing investment - Basel III,Opening balance of provisions for NPAs - Basel III,Provisions made during the period - Basel III,Transfers made from restructuring & other provisions - Basel III,Transferred to counter-cyclical provisioning buffer - Basel III,Write-off (NPAs) - Basel III,Write-back of excess provisions - Basel III,Closing balance of provisions  for NPAs - Basel III,Write-offs & recoveries booked directly to the income statement - Basel III,Amount of non-performing investment - Basel III,Total Gross NPAs - Basel III,Total Net NPAs - Basel III,Gross NPAs to gross advances (%) - Basel III,Net NPAs to net advances (%) - Basel III,Provision for non-performing investment - Basel III,Opening balance of provisions for NPAs - Basel III,Provisions made during the period - Basel III,Transfers made from restructuring & other provisions - Basel III,Transferred to counter-cyclical provisioning buffer - Basel III,Write-off (NPAs) - Basel III,Write-back of excess provisions - Basel III,Closing balance of provisions  for NPAs - Basel III,Write-offs & recoveries booked directly to the income statement - Basel III,Amount of non-performing investment - Basel III,Total Gross NPAs - Basel III,Total Net NPAs - Basel III,Gross NPAs to gross advances (%) - Basel III,Net NPAs to net advances (%) - Basel III,Provision for non-performing investment - Basel III,Opening balance of provisions for NPAs - Basel III,Provisions made during the period - Basel III,Transfers made from restructuring & other provisions - Basel III,Transferred to counter-cyclical provisioning buffer - Basel III,Write-off (NPAs) - Basel III,Write-back of excess provisions - Basel III,Closing balance of provisions  for NPAs - Basel III,Write-offs & recoveries booked directly to the income statement - Basel III,Amount of non-performing investment - Basel III,Total Gross NPAs - Basel III,Total Net NPAs - Basel III,Gross NPAs to gross advances (%) - Basel III,Net NPAs to net advances (%) - Basel III,Provision for non-performing investment - Basel III,Opening balance of provisions for NPAs - Basel III,Provisions made during the period - Basel III,Transfers made from restructuring & other provisions - Basel III,Transferred to counter-cyclical provisioning buffer - Basel III,Write-off (NPAs) - Basel III,Write-back of excess provisions - Basel III,Closing balance of provisions  for NPAs - Basel III,Write-offs & recoveries booked directly to the income statement - Basel III,Amount of non-performing investment - Basel III,Total Gross NPAs - Basel III,Total Net NPAs - Basel III,Gross NPAs to gross advances (%) - Basel III,Net NPAs to net advances (%) - Basel III,Provision for non-performing investment - Basel III,Opening balance of provisions for NPAs - Basel III,Provisions made during the period - Basel III,Transfers made from restructuring & other provisions - Basel III,Transferred to counter-cyclical provisioning buffer - Basel III,Write-off (NPAs) - Basel III,Write-back of excess provisions - Basel III,Closing balance of provisions  for NPAs - Basel III,Write-offs & recoveries booked directly to the income statement - Basel III,Amount of non-performing investment - Basel III,Total Gross NPAs - Basel III,Total Net NPAs - Basel III,Gross NPAs to gross advances (%) - Basel III,Net NPAs to net advances (%) - Basel III,Provision for non-performing investment - Basel III,Opening balance of provisions for NPAs - Basel III,Provisions made during the period - Basel III,Transfers made from restructuring & other provisions - Basel III,Transferred to counter-cyclical provisioning buffer - Basel III,Write-off (NPAs) - Basel III,Write-back of excess provisions - Basel III,Closing balance of provisions  for NPAs - Basel III,Write-offs & recoveries booked directly to the income statement - Basel III,Amount of non-performing investment - Basel III
A B Bank Ltd.,,,,,,,,,,,,,,,,,,,,,,,,,,,,,,,,,,,,,,,,,,,,,,,,,,,,,,,,,,,,,,,,,,,,,,,,,,,,,,,,,,,,,,,,,,,,,,,,,,,,,,,,,,,,,,,,,,,,,,,,,,,,,,,,,,,,,,,,,,,,,,,,,,,,,,,,,,,,,,,,,,,,,,,,,,,,,,,,,,,,,,,,,,,,,,,,,,,,,,,,,,,,,,,,,,
A P Mahesh Co-Operative Urban Bank Ltd.,,,,,,,,,,,,,,,,,,,,,,,,,,,,,,,,,,,,,,,,,,,,,,,,,,,,,,,,,,,,,,,,,,,,,,,,,,,,,,,,,,,,,,,,,,,,,,,,,,,,,,,,,,,,,,,,,,,,,,,,,,,,,,,,,,,,,,,,,,,,,,,,,,,,,,,,,,,,,,,,,,,,,,,,,,,,,,,,,,,,,,,,,,,,,,,,,,,,,,,,,,,,,,,,,,
A U Small Finance Bank Ltd.,,,,,,,,,,,,,,,,,,,,,,,,,,,,,,,,,,,,,,,,,,,,,,,,,,,,,,,,,,,,,,,,,,,,,,,,,,,,,,,,,,,,,,,,,,,,,,,,,,,,,,,,,,,,,,,,,,,,,,,,,,,,,,,,,,,,,,,,,,,,,,,,,,,,,,,,,,,,,,,,,,,,,,,,,,,,,,,,,,,,,,,,,,,,,,,,,,,,,,,,,,,,,,,,,,
Abhyudaya Co-Op. Bank Ltd.,,,,,,,,,,,,,,,,,,,,,,,,,,,,,,,,,,,,,,,,,,,,,,,,,,,,,,,,,,,,,,,,,,,,,,,,,,,,,,,,,,,,,,,,,,,,,,,,,,,,,,,,,,,,,,,,,,,,,,,,,,,,,,,,,,,,,,,,,,,,,,,,,,,,,,,,,,,,,,,,,,,,,,,,,,,,,,,,,,,,,,,,,,,,,,,,,,,,,,,,,,,,,,,,,,
Abu Dhabi Commercial Bank Ltd.,,,,,,,,,,,,,,,,,,,,,,,,,,,,,,,,,,,,,,,,,,,,,,,,,,,,,,,,,,,,,,,,,,,,,,,,,,,,,,,,,,,,,,,,,,,,,,,,,,,,,,,,,,,,,,,,,,,,,,,,,,,,,,,,,,,,,,,,,,,,,23.11,,1.3,0.08,,16.18,5.57,,,,,21.75,,,23.11,,1.14,0.07,,21.76,,,,,,21.76,,,23.11,,0.99,0.06,,21.76,,,,,,21.76,,,23.11,,1.13,,,21.76,1.35,,,,,23.11,,,53.38,,3.47,2.62,,23.11,13.4,,,21.73,1.35,13.43,,
Aditya Birla Idea Payments Bank Ltd.,,,,,,,,,,,,,,,,,,,,,,,,,,,,,,,,,,,,,,,,,,,,,,,,,,,,,,,,,,,,,,,,,,,,,,,,,,,,,,,,,,,,,,,,,,,,,,,,,,,,,,,,,,,,,,,,,,,,,,,,,,,,,,,,,,,,,,,,,,,,,,,,,,,,,,,,,,,,,,,,,,,,,,,,,,,,,,,,,,,,,,,,,,,,,,,,,,,,,,,,,,,,,,,,,,
Ahmedabad Mercantile Cooperative Bank Ltd.,,,,,,,,,,,,,,,,,,,,,,,,,,,,,,,,,,,,,,,,,,,,,,,,,,,,,,,,,,,,,,,,,,,,,,,,,,,,,,,,,,,,,,,,,,,,,,,,,,,,,,,,,,,,,,,,,,,,,,,,,,,,,,,,,,,,,,,,,,,,,,,,,,,,,,,,,,,,,,,,,,,,,,,,,,,,,,,,,,,,,,,,,,,,,,,,,,,,,,,,,,,,,,,,,,
Airtel Payments Bank Ltd.,,,,,,,,,,,,,,,,,,,,,,,,,,,,,,,,,,,,,,,,,,,,,,,,,,,,,,,,,,,,,,,,,,,,,,,,,,,,,,,,,,,,,,,,,,,,,,,,,,,,,,,,,,,,,,,,,,,,,,,,,,,,,,,,,,,,,,,,,,,,,,,,,,,,,,,,,,,,,,,,,,,,,,,,,,,,,,,,,,,,,,,,,,,,,,,,,,,,,,,,,,,,,,,,,,
Allahabad Bank [Merged],,,,,,,,,,,,,,,,,,,,,,,,,,,,,,,,,,,,,,,,,,,,,,,,,,,,,,,,,,,,,,,,,,,,,,,,,,,,,,,,,,,,,,,,,,,,,,,,,,,,,,,,,,,,,,,,,,,,,,,,,,,,,,,,,,,,,,,,,,,,,,,,,,,,,,,,,,,,,,,,,,,,,,,,,,,,,,,,,,,,,,,,,,,,,,,,,,,,,,,,,,,,,,,,,,
American Express Bank Ltd.,,,,,,,,,,,,,,,,,,,,,,,,,,,,,,,,,,,,,,,,,,,,,,,,,,,,,,,,,,,,,,,,,,,,,,,,,,,,,,,,,,,,,,,,,,,,,,,,,,,,,,,,,,,,,,,,,,,,,,,,,,,,,,,,,,,,,,,,,,,,,,,,,,,,,,,,,,,,,,,,,,,,,,,,,,,,,,,,,,,,,,,,,,,,,,,,,,,,,,,,,,,,,,,,,,
American Express Banking Corpn.,,,,,,,,,,,,,,,,,,,,,,,,,,,,,,,,,,,,,,,,,,,,,,,,,,,,,,,,,,,,,,,,,,,,,,,,,,,,,,,,,,,,,,,,,,,,,,,,,,,,,,,,,,,,,,,,,,,,,,,,,,,,,,,,,,,,,,,,,,,,,,,,,,,,,,,,,,,,,,,,,,,,,,,,,,,,,,,,,,,,,,,,,,,,,,,,,,,,,,,,,,,,,,,,,,
American Express Intl. Banking Corpn.,,,,,,,,,,,,,,,,,,,,,,,,,,,,,,,,,,,,,,,,,,,,,,,,,,,,,,,,,,,,,,,,,,,,,,,,,,,,,,,,,,,,,,,,,,,,,,,,,,,,,,,,,,,,,,,,,,,,,,,,,,,,,,,,,,,,,,,,,,,,,,,,,,,,,,,,,,,,,,,,,,,,,,,,,,,,,,,,,,,,,,,,,,,,,,,,,,,,,,,,,,,,,,,,,,
Andhra Bank [Merged],,,,,,,,,,,,,,,,,,,,,,,,,,,,,,,,,,,,,,,,,,,,,,,,,,,,,,,,,,,,,,,,,,,,,,,,,,,,,,,,,,,,,,,,,,,,,,,,,,,,,,,,,,,,,,,,,,,,,,,,,,,,,,,5857.6,3342.47,5.29,3.11,72.13,1305.31,1489.23,,,279.41,,2515.13,,109.79,6876.54,3688.63,5.31,2.93,125.9,2515.13,1745.98,,,1073.2,,3187.91,,156.76,11443.63,6035.65,8.39,4.61,155.15,3174.91,3099.99,,,879.92,,5394.98,,211.63,17669.98,17669.98,12.25,7.57,146.46,5407.98,3834.04,,,1926.85,,7315.17,,221.96,28124.36,28124.36,17.09,8.48,1048.77,7315.17,10102.87,,,896.46,1064.81,15456.77,,1343.06,28973.97,28973.97,16.21,5.73,896.07,15456.77,6684.91,,,1775.58,517.88,19848.22,,1015.25
Andhra Pradesh Grameena Vikas Bank,,,,,,,,,,,,,,,,,,,,,,,,,,,,,,,,,,,,,,,,,,,,,,,,,,,,,,,,,,,,,,,,,,,,,,,,,,,,,,,,,,,,,,,,,,,,,,,,,,,,,,,,,,,,,,,,,,,,,,,,,,,,,,,,,,,,,,,,,,,,,,,,,,,,,,,,,,,,,,,,,,,,,,,,,,,,,,,,,,,,,,,,,,,,,,,,,,,,,,,,,,,,,,,,,,
Andhra Pragathi Grameena Bank,,,,,,,,,,,,,,,,,,,,,,,,,,,,,,,,,,,,,,,,,,,,,,,,,,,,,,,,,,,,,,,,,,,,,,,,,,,,,,,,,,,,,,,,,,,,,,,,,,,,,,,,,,,,,,,,,,,,,,,,,,,,,,,,,,,,,,,,,,,,,,,,,,,,,,,,,,,,,,,,,,,,,,,,,,,,,,,,,,,,,,,,,,,,,,,,,,,,,,,,,,,,,,,,,,
Antwerp Diamond Bank N V,,,,,,,,,,,,,,,,,,,,,,,,,,,,,,,,,,,,,,,,,,,,,,,,,,,,,,,,,,,,,,,,,,,,,,,,,,,,,,,,,,,,,,,,,,,,,,,,,,,,,,,,,,,,,,,,,,,,,,,,,,,,,,,,,,,,,,,,,,,,,,,,,,,,,,,,,,,,,,,,,,,,,,,,,,,,,,,,,,,,,,,50.27,,6.87,,,,,,,,,,,,5.62,,1.54,,,50.27,,,,44.65,,5.62,,
Apex Co-Operative Bank,,,,,,,,,,,,,,,,,,,,,,,,,,,,,,,,,,,,,,,,,,,,,,,,,,,,,,,,,,,,,,,,,,,,,,,,,,,,,,,,,,,,,,,,,,,,,,,,,,,,,,,,,,,,,,,,,,,,,,,,,,,,,,,,,,,,,,,,,,,,,,,,,,,,,,,,,,,,,,,,,,,,,,,,,,,,,,,,,,,,,,,,,,,,,,,,,,,,,,,,,,,,,,,,,,
Apna Co-Operative Urban Bank Ltd.,,,,,,,,,,,,,,,,,,,,,,,,,,,,,,,,,,,,,,,,,,,,,,,,,,,,,,,,,,,,,,,,,,,,,,,,,,,,,,,,,,,,,,,,,,,,,,,,,,,,,,,,,,,,,,,,,,,,,,,,,,,,,,,,,,,,,,,,,,,,,,,,,,,,,,,,,,,,,,,,,,,,,,,,,,,,,,,,,,,,,,,,,,,,,,,,,,,,,,,,,,,,,,,,,,
Apna Sahakari Bank Ltd.,,,,,,,,,,,,,,,,,,,,,,,,,,,,,,,,,,,,,,,,,,,,,,,,,,,,,,,,,,,,,,,,,,,,,,,,,,,,,,,,,,,,,,,,,,,,,,,,,,,,,,,,,,,,,,,,,,,,,,,,,,,,,,,,,,,,,,,,,,,,,,,,,,,,,,,,,,,,,,,,,,,,,,,,,,,,,,,,,,,,,,,,,,,,,,,,,,,,,,,,,,,,,,,,,,
Australia & New Zealand Banking Group Ltd.,,,,,,,,,,,,,,,,,,,,,,,,,,,,,,,,,,,,,,,,,,,,,,,,,,,,,,,,,,,,,,,,,,,,,,,18.53,,0.9,,,28.08,,,,,9.55,18.53,,,,,,,,18.53,,,,18.53,,0,,,,,,,,,,,,,,,,,,,,,,,,,,,,,,,,,,,,,,,,,,,,,99.97,,4.25,,,,99.97,,,,,99.97,,,25,,0.76,,,99.97,,,,74.97,,25,,,25,,1.15,,,25,,,,,,25,,,25,,0.92,,,45.28,1.36,,,,,46.64,,,,,,,,46.64,8.22,,,,,54.86,,
Axis Bank Ltd.,,,,,,,,,,,,,,,,,,,,,,,,,,,,,,,,,,,,,,,,,,,,,,,,,,,,,,,,,,,,,,,,,,,,,,,,,,,,,,,,,,,,,,,,,,,,,,,,,,,,,,,,,,,,,,,,,,,,,,,,,,,,,,,,,,,,,,,,,,,,,,,,,,,,,,,,,,,,,,,,,,,,,,,,,,,,,,,,,,,,,,,,,,,,,,,,,,,,,,,,,,,,,,,,,,
B N P Paribas,,,,,,,,,,,,,,,,,,,,,,,,,,,,,,,,,,,,,,,,,,,,,,,,,,,,,,,,,,,,,,,,,,,,,,,,,,,,,,,,,,,,,,,,,,,,,,,,,,,,,,,,,,,,,,,,,,,,,,,,,,,,,,,,,,,,,,,,,,,,,,,,,,,,,,,,,,,,,,,,,,,,,,,,,,,,,,,,,,,,,,,,,,,,,,,,,,,,,,,,,,,,,,,,,,
Banares State Bank Ltd. [Merged],,,,,,,,,,,,,,,,,,,,,,,,,,,,,,,,,,,,,,,,,,,,,,,,,,,,,,,,,,,,,,,,,,,,,,,,,,,,,,,,,,,,,,,,,,,,,,,,,,,,,,,,,,,,,,,,,,,,,,,,,,,,,,,,,,,,,,,,,,,,,,,,,,,,,,,,,,,,,,,,,,,,,,,,,,,,,,,,,,,,,,,,,,,,,,,,,,,,,,,,,,,,,,,,,,
Bandhan Bank Ltd.,,,,,,,,,,,,,,,,,,,,,,,,,,,,,,,,,,,,,,,,,,,,,,,,,,,,,,,,,,,,,,,,,,,,,,,,,,,,,,,,,,,,,,,,,,,,,,,,,,,,,,,,,,,,,,,,,,,,,,,,,,,,,,,,,,,,,,,,,,,,,,,,,,,,,,,,,,,,,6.81,3.51,,,,,,,,,,,7942.46,4815.77,6.46,1.66,,3575.34,8920.87,,,3244.13,1054.69,8197.39,,,5298.63,1228.27,4.87,1.17,,8197.39,8735.87,,,6071.78,5781.35,5080.13,,,4784.88,1347.61,3.84,1.11,,5080.13,5304.13,,,3852.49,2083.84,5458.59,,
Bank Muscat Al Ahli Al Omani,,,,,,,,,,,,,,,,,,,,,,,,,,,,,,,,,,,,,,,,,,,,,,,,,,,,,,,,,,,,,,,,,,,,,,,,,,,,,,,,,,,,,,,,,,,,,,,,,,,,,,,,,,,,,,,,,,,,,,,,,,,,,,,,,,,,,,,,,,,,,,,,,,,,,,,,,,,,,,,,,,,,,,,,,,,,,,,,,,,,,,,,,,,,,,,,,,,,,,,,,,,,,,,,,,
Bank Muscat S A O G,,,,,,,,,,,,,,,,,,,,,,,,,,,,,,,,,,,,,,,,,,,,,,,,,,,,,,,,,,,,,,,,,,,,,,,,,,,,,,,,,,,,,,,,,,,,,,,,,,,,,,,,,,,,,,,,,,,,,,,,,,,,,,,,,,,,,,,,,,,,,,,,,,,,,,,,,,,,,,,,,,,,,,,,,,,,,,,,,,,,,,,,,,,,,,,,,,,,,,,,,,,,,,,,,,
Bank Of America N A,,,,,,,,,,,,,,,,,,,,,,,,,,,,,,,,,,,,,,,,,,,,,,,,,,,,,,,,,,,,,,,,,,,,,,,,,,,,,,,,,,,,,,9.8,0.16,0.11,,,17.7,,,13,,4.7,,,,,,,,,,,,,,,,,,,,,,,110,,,,,110,,,,,,,,110,,,,11,99,0,,,,,,,,,,,,,,,,,,,,,,,0.01,,,,0.01,0,,,,,,,,,0.02,,,,0.02,0,,,,,,,,,,,,,,,,,,,,,,,133.65,,,,133.65,0,,
Bank Of Bahrain & Kuwait Bsc,,,,,,,,,,,,,,,,,,,,,,,,,,,,,,,,,,,,,,,,,,,,,,,,,,,,,,,,,,,,,,,,,,,,,,,80.26,56.54,10.39,7.67,1.34,,,,,,,,,1.34,39.92,25.27,4.05,2.66,0.55,,,,,,,,,0.55,71.61,20.24,7.5,2.24,1.71,,,,,,,,,2.18,58.52,0.02,4.81,,0.55,,,,,,,,,0.55,18.63,12.72,1.14,0.78,4.11,,,,,,,,,5.85,79.55,48.79,4.61,2.88,5.85,,,,,,,,,5.85,65.98,5.54,4.76,0.35,0.55,,,,,,,,,0.55,3.3,0.96,0.95,0.06,0.55,,,,,,,,,0.55,17.47,12.77,1.07,0.79,0.55,,,,,,,,,0.55,17.37,12.35,1.06,0.71,0.54,,,,,,,,,0.54
Bank Of Baroda,,,,,,,,,,,,,,,,,,,,,,,,,,,,,,,,,,,,,,,,,,,,,,,,,,,,,,,,,,,,,,,,,,,,,,,,,,,,,,,,,,,,,,,,,,,,,,,,,,,,,,,,,,,,,,,,,,,,,,,,,,,,,,,,,,,,,,,,,,,,,,,,,,,,,,,,,,,,,,,,,,,,,,,,,,,,,,,,,,,,,,,,,,,,,,,,,,,,,,,,,,,,,,,,,,
Bank Of Ceylon,,,,,,,,,,,,,,,,,,,,,,,,,,,,,,,,,,,,,,,,,,,,,,,,,,,,,,,,,,,,,,,,,,,,,,,,,,,,,,,,,,,,,,,,,,,,,,,,,,,,,,,,,,,,,,,,,,,,,,,,,,,,,,,,,0.64,,,,,,,,,,,,,,0.54,,,,,,,,,,,,,,0.35,,,,,,,,,,,,,,27.96,,,,,,,,,,,,,,1.14,,,,0.91,,0.18,,,0.73,,,,,5.8,,,1.32,2.82,,,,,4.14,,
Bank Of India,,,,,,,,,,,,,,,,,,,,,,,,,,,,,,,,,,,,,,,,,,,,,,,,,,,,,,,,,,,,,,,,,,,,,,,,,,,,,,,,,,,,,,,,,,,,,,,,,,,,,,,,,,,,,,,,,,,,,,,,,,,,,,,,,,,,,,,,,,,,,,,,,,,,,,,,,,,,,,,,,,,,,,,,,,,,,,,,,,,,,,,,,,,,,,,,,,,,,,,,,,,,,,,,,,
Bank Of Madura Ltd. [Merged],,,,,,,,,,,,,,,,,,,,,,,,,,,,,,,,,,,,,,,,,,,,,,,,,,,,,,,,,,,,,,,,,,,,,,,,,,,,,,,,,,,,,,,,,,,,,,,,,,,,,,,,,,,,,,,,,,,,,,,,,,,,,,,,,,,,,,,,,,,,,,,,,,,,,,,,,,,,,,,,,,,,,,,,,,,,,,,,,,,,,,,,,,,,,,,,,,,,,,,,,,,,,,,,,,
Bank Of Maharashtra,,,,,,,,,,,,,,,,,,,,,,,,,,,,,,,,,,,,,,,,,,,,,,,,,,,,,,,,,2859.85,1807.32,3.16,2.03,11.45,709.69,742.51,,,442.3,,1009.9,,76.3,6553.57,4126.57,6.33,4.19,33.58,1009.91,1385.67,,,259.08,,2136.5,,86.3,11211.34,6832.03,9.34,6.35,56.1,2136.49,2164.06,,,875.51,,3425.04,,102.3,17188.72,11229.56,16.93,11.76,187.66,3425.62,3688.34,,,1375.19,,5738.77,,655.45,18523.24,,19.48,11.24,316.88,5794.86,5330.88,,,2463.4,,8662.34,2447.28,738.11,15324.49,,16.4,5.52,128.79,8662.34,7226.82,,,5167.42,,10721.74,5412.86,266.04,12152.15,,12.81,4.77,181.24,10721.73,2952.94,,,5701.4,,7973.27,6043.31,389.15,7779.69,2544.32,7.23,2.48,336.85,7973.3,2213.84,,,4982.16,,5204.98,843.95,446.97,5327.22,1276.57,3.94,0.97,344.84,5205,2710.94,,,3907.06,,4008.88,642.14,446.36,4334,435.18,2.47,0.25,23.95,4008.87,2280.9,,,2401.35,,3860.62,943.14,28.83,3833.05,408.99,1.88,0.2,31.45,4363.79,2222.15,,,3223.9,,3362.04,4161.54,32.34
Bank Of Nova Scotia,,,,,,,,,,,,,,,,,,,,,,,,,,,,,,,,,,,,,,,,,,,,,,,,,,,,,,,,,,,,,,,,,,,,,,,,,,,,,,,,,,,,,,,,,,,,,,,,,,,,,,,,,,,,,,,,,193.53,193.53,4.07,2.49,,22.95,54.17,,,0.02,,77.1,,,193.18,193.18,3.08,0.52,1.03,77.09,84.44,,,,0.35,161.18,,3.14,355.04,174.13,6.69,3.4,3.93,161.18,49.72,,,,30,180.9,,5.32,254.42,31.08,5.92,0.76,5.5,180.91,143.28,,,100.84,,223.35,,6.9,94.02,,2.35,,6.05,223.34,31.08,,,126.38,34.02,94.02,,6.9,68.05,,2.83,,6.9,94.02,,,,25.98,,68.04,,6.9,68.05,,3.63,,6.9,68.05,,,,,,68.05,,6.9
Bank Of Punjab Ltd. [Merged],,,,,,,,,,,,,,,,,,,,,,,,,,,,,,,,,,,,,,,,,,,,,,,,,,,,,,,,,,,,,,,,,,,,,,,,,,,,,,,,,,,,,,,,,,,,,,,,,,,,,,,,,,,,,,,,,,,,,,,,,,,,,,,,,,,,,,,,,,,,,,,,,,,,,,,,,,,,,,,,,,,,,,,,,,,,,,,,,,,,,,,,,,,,,,,,,,,,,,,,,,,,,,,,,,
Bank Of Rajasthan Ltd. [Merged],,,,,,,,,,,,,,,,,,,,,,,,,,,,,,,,,,,,,,,,,,,,,,,,,,,,,,,,,,,,,,,,,,,,,,,,,,,,,,,,,,,,,,,,,,,,,,,,,,,,,,,,,,,,,,,,,,,,,,,,,,,,,,,,,,,,,,,,,,,,,,,,,,,,,,,,,,,,,,,,,,,,,,,,,,,,,,,,,,,,,,,,,,,,,,,,,,,,,,,,,,,,,,,,,,
Bank Of Tokyo Mitsubishi Ufj (India Branch),,,,,,,,,,,,,,,,,,,,,,,,,,,,,,,,,,,,,,,,,,,,,,,,,,,,,,,,,,,,,,,,,,,,,,,,,,,,,,,,,,,,,,,,,,,,,,,,,,,,,,,,,,,,,,,,,,,,,,,,,,,,,,,,,,,,,,,,,,,,,,,,,,,,,,,,,,,,,,,,,,,,,,,,,,,,,,,,,,,,,,,,,,,,,,,,,,,,,97.65,,1.28,,,52.73,44.92,,,,,97.65,,
Banque Nationale De Paris,,,,,,,,,,,,,,,,,,,,,,,,,,,,,,,,,,,,,,,,,,,,,,,,,,,,,,,,,,,,,,,,,,,,,,,,,,,,,,,,,,,,,,,,,,,,,,,,,,,,,,,,,,,,,,,,,,,,,,,,,,,,,,,,,,,,,,,,,,,,,,,,,,,,,,,,,,,,,,,,,,,,,,,,,,,,,,,,,,,,,,,,,,,,,,,,,,,,,,,,,,,,,,,,,,
Barclays Bank Plc,,,,,,,,,,,,,,,,,,,,,,,,,,,,,,,,,,,,,,,,,,,,,,,,,,,,,,,,,,,,,,,,,,,,,,,,,,,,,,,,,,,,,,,,,,,,,,,,,,,,,,,,,,,,,,,,,463.86,88.72,5.47,1.1,5.5,406.95,210.64,,,242.46,,375.13,,5.5,311.06,3.16,2.28,0.02,,375.13,88.6,,,155.84,,307.89,,,185.52,0.57,1.1,,,307.9,5.81,,,128.77,,184.94,,,82.61,46.92,0.75,0.43,,184.94,31.38,,,180.64,,35.68,,,78.35,,0.67,,,35.68,46.92,,,4.25,,78.35,,,295.85,54.37,1.89,0.35,,78.35,163.96,,,0.84,,241.47,17.95,,339.07,,3.19,,,241.47,175.8,,,78.2,,339.07,8.98,
Bareilly Corporation Bank Ltd. [Merged],,,,,,,,,,,,,,,,,,,,,,,,,,,,,,,,,,,,,,,,,,,,,,,,,,,,,,,,,,,,,,,,,,,,,,,,,,,,,,,,,,,,,,,,,,,,,,,,,,,,,,,,,,,,,,,,,,,,,,,,,,,,,,,,,,,,,,,,,,,,,,,,,,,,,,,,,,,,,,,,,,,,,,,,,,,,,,,,,,,,,,,,,,,,,,,,,,,,,,,,,,,,,,,,,,
Baroda Gujarat Gramin Bank,,,,,,,,,,,,,,,,,,,,,,,,,,,,,,,,,,,,,,,,,,,,,,,,,,,,,,,,,,,,,,,,,,,,,,,,,,,,,,,,,,,,,,,,,,,,,,,,,,,,,,,,,,,,,,,,,,,,,,,,,,,,,,,,,,,,,,,,,,,,,,,,,,,,,,,,,,,,,,,,,,,,,,,,,,,,,,,,,,,,,,,,,,,,,,,,,,,,,,,,,,,,,,,,,,
Bhandari Co-Operative Bank Ltd.,,,,,,,,,,,,,,,,,,,,,,,,,,,,,,,,,,,,,,,,,,,,,,,,,,,,,,,,,,,,,,,,,,,,,,,,,,,,,,,,,,,,,,,,,,,,,,,,,,,,,,,,,,,,,,,,,,,,,,,,,,,,,,,,,,,,,,,,,,,,,,,,,,,,,,,,,,,,,,,,,,,,,,,,,,,,,,,,,,,,,,,,,,,,,,,,,,,,,,,,,,,,,,,,,,
Bharat Co-Op. Bank (Mumbai) Ltd.,,,,,,,,,,,,,,,,,,,,,,,,,,,,,,,,,,,,,,,,,,,,,,,,,,,,,,,,,,,,,,,,,,,,,,,,,,,,,,,,,,,,,,,,,,,,,,,,,,,,,,,,,,,,,,,,,,,,,,,,,,,,,,,,,,,,,,,,,,,,,,,,,,,,,,,,,,,,,,,,,,,,,,,,,,,,,,,,,,,,,,,,,,,,,,,,,,,,,,,,,,,,,,,,,,
Bharat Overseas Bank Ltd. [Merged],,,,,,,,,,,,,,,,,,,,,,,,,,,,,,,,,,,,,,,,,,,,,,,,,,,,,,,,,,,,,,,,,,,,,,,,,,,,,,,,,,,,,,,,,,,,,,,,,,,,,,,,,,,,,,,,,,,,,,,,,,,,,,,,,,,,,,,,,,,,,,,,,,,,,,,,,,,,,,,,,,,,,,,,,,,,,,,,,,,,,,,,,,,,,,,,,,,,,,,,,,,,,,,,,,
Bharat Sahakari Bank Ltd.,,,,,,,,,,,,,,,,,,,,,,,,,,,,,,,,,,,,,,,,,,,,,,,,,,,,,,,,,,,,,,,,,,,,,,,,,,,,,,,,,,,,,,,,,,,,,,,,,,,,,,,,,,,,,,,,,,,,,,,,,,,,,,,,,,,,,,,,,,,,,,,,,,,,,,,,,,,,,,,,,,,,,,,,,,,,,,,,,,,,,,,,,,,,,,,,,,,,,,,,,,,,,,,,,,
Bharatiya Mahila Bank Ltd. [Merged],,,,,,,,,,,,,,,,,,,,,,,,,,,,,,,,,,,,,,,,,,,,,,,,,,,,,,,,,,,,,,,,,,,,,,,,,,,,,,,,,,,,,,,,,,,,,,,,,,,,,,,,,,,,,,,,,,,,,,,,,,,,,,,,,,,,,,,,,,,,,,,,,,,,,,,,,,,,,,,,,,,,,,,,,,,,,,,,,,,,,,,,,,,,,,,,,,,,,1.35,,0.26,0.15,,,,,,,,,,
Bombay Mercantile Co-Op. Bank Ltd.,,,,,,,,,,,,,,,,,,,,,,,,,,,,,,,,,,,,,,,,,,,,,,,,,,,,,,,,,,,,,,,,,,,,,,,,,,,,,,,,,,,,,,,,,,,,,,,,,,,,,,,,,,,,,,,,,,,,,,,,,,,,,,,,,,,,,,,,,,,,,,,,,,,,,,,,,,,,,,,,,,,,,,,,,,,,,,,,,,,,,,,,,,,,,,,,,,,,,,,,,,,,,,,,,,
British Bank Of The Middle East,,,,,,,,,,,,,,,,,,,,,,,,,,,,,,,,,,,,,,,,,,,,,,,,,,,,,,,,,,,,,,,,,,,,,,,,,,,,,,,,,,,,,,,,,,,,,,,,,,,,,,,,,,,,,,,,,,,,,,,,,,,,,,,,,,,,,,,,,,,,,,,,,,,,,,,,,,,,,,,,,,,,,,,,,,,,,,,,,,,,,,,,,,,,,,,,,,,,,,,,,,,,,,,,,,
C S B Bank Ltd.,,,,,,,,,,,,,,,,,,,,,,,,,,,,,,,,,,,,,,,,,,,,,,,,,,,,,,,,,333.56,193.24,3.77,2.22,4.86,91.03,65.5,,,21.39,,135.14,,4.86,474.81,364.59,4.96,3.85,4.86,135.14,90.08,,,109.39,9.8,106.03,,4.86,446.91,345.15,5.62,4.4,0.86,106.02,134.46,,,128.5,13.85,98.13,,0.86,2600.44,447.64,7.25,5.51,1.31,98.13,189.16,,,135.79,2.81,148.69,,1.82,764.15,416.29,7.89,4.46,9.76,148.7,217.47,,,,21.53,344.64,,20.76,530.62,240.68,4.87,2.27,8.29,344.64,275.8,,,,334.02,286.42,79.12,17.48,409.44,216.92,3.54,1.91,1.81,286.42,92.62,,,,190.68,188.36,122.57,1.82,393.49,168.81,2.68,1.17,1.77,188.36,120.6,,,,88.45,220.51,121.1,1.82,289.51,106.99,1.81,0.68,1.86,220.51,62.83,,,,105.01,178.33,87.74,1.86,262.57,71.82,1.26,0.35,1.86,178.33,63.22,,,,54.18,187.37,113.92,1.86,361.09,124.9,1.47,0.51,1.86,187.36,87.25,,,,41.64,232.97,60.13,1.86
Canara Bank,,,,,,,,,,,,,,,,,,,,,,,,,,,,,,,,,,,,,,,,,,,,,,,,,,,,,,,,,,,,,,,,,,,,,,,,,,,,,,,,,,,,,,,,,,,,,,,,,,,,,,,,,,,,,,,,,,,,,,,,,,,,,,,,,,,,,,,,,,,,,,,,,,,,,,,,,,,,,,,,,,,,,,,,,,,,,,,,,,,,,,,,,,,,,,,,,,,,,,,,,,,,,,,,,,
Capital Small Finance Bank Ltd.,,,,,,,,,,,,,,,,,,,,,,,,,,,,,,,,,,,,,,,,,,,,,,,,,,,,,,,,,,,,,,,,,,,,,,,,,,,,,,,,,,,,,,,,,,,,,,,,,,,,,,,,,,,,,,,,,,,,,,,,,,,,,,,33.96,,1.3,0.93,,5.7,6.32,,,,2.28,9.74,,,58.51,41.25,1.76,1.25,,9.74,11.18,,,,3.66,17.26,,,78.24,,2.08,1.13,,17.26,20.26,,,,1.42,36.1,,,117.13,,2.5,1.36,,36.1,28.05,,,10.25,,53.9,,,152.62,,2.77,1.36,,53.9,46.03,,,21.35,,78.58,,,170.19,,2.76,1.4,,78.58,29.03,,,22.5,,85.11,,
Central Bank Of India Ltd.,,,,,,,,,,,,,,,,,,,,,,,,,,,,,,,,,,,,,,,,,,,,,,,,,,,,,,,,,11499.8,6648.6,6.27,3.75,55.3,2931,3524,,,2001,,4454,,125.9,11873,6807,6.09,3.61,113.3,4454,2062,,,1723,,4793,,304.6,36045.2,13241.8,11.95,7.36,1027.2,4793,5255,,,1810,,8238,,474,27251.3,14217.8,17.81,10.2,389.4,8238,6028,,,2403.5,,11862.5,,560.1,38130.7,17377.9,21.48,11.1,1648.1,11862.5,1082.44,,,,3085.6,9859.34,,2084.5,32356,11333.2,19.29,7.73,,2663.1,2561.6,,,,1303.5,3921.2,,,32589,11534,18.92,7.63,,19934,4571,,,,4633,19872,,,29277,9036,16.55,5.77,,19872,5656,,,,6379,19149,,,28156,6675,14.84,3.97,2577,19149.48,3723.97,,,,2407.59,20465.86,,2653.8,18386,3592,8.44,1.77,2261.67,20465.86,3962.29,,,,10773.25,13654.9,,2266.83,11340,3002,4.5,1.23,1917.24,14794.4,3855.19,,,10311.2,,8338.39,,1917.24
Centurion Bank Of Punjab Ltd. [Merged],,,,,,,,,,,,,,,,,,,,,,,,,,,,,,,,,,,,,,,,,,,,,,,,,,,,,,,,,,,,,,,,,,,,,,,,,,,,,,,,,,,,,,,,,,,,,,,,,,,,,,,,,,,,,,,,,,,,,,,,,,,,,,,,,,,,,,,,,,,,,,,,,,,,,,,,,,,,,,,,,,,,,,,,,,,,,,,,,,,,,,,,,,,,,,,,,,,,,,,,,,,,,,,,,,
Chase Manhattan Bank N A [Merged],,,,,,,,,,,,,,,,,,,,,,,,,,,,,,,,,,,,,,,,,,,,,,,,,,,,,,,,,,,,,,,,,,,,,,,,,,,,,,,,,,,,,,,,,,,,,,,,,,,,,,,,,,,,,,,,,,,,,,,,,,,,,,,,,,,,,,,,,,,,,,,,,,,,,,,,,,,,,,,,,,,,,,,,,,,,,,,,,,,,,,,,,,,,,,,,,,,,,,,,,,,,,,,,,,
Chembur Nagarik Sahakari Bank Ltd.,,,,,,,,,,,,,,,,,,,,,,,,,,,,,,,,,,,,,,,,,,,,,,,,,,,,,,,,,,,,,,,,,,,,,,,,,,,,,,,,,,,,,,,,,,,,,,,,,,,,,,,,,,,,,,,,,,,,,,,,,,,,,,,,,,,,,,,,,,,,,,,,,,,,,,,,,,,,,,,,,,,,,,,,,,,,,,,,,,,,,,,,,,,,,,,,,,,,,,,,,,,,,,,,,,
Chinatrust Commercial Bank,,,,,,,,,,,,,,,,,,,,,,,,,,,,,,,,,,,,,,,,,,,,,,,,,,,,,,,,,,,,,,,,,,,,,,,,,,,,,,,,,,,,,,,,,,,,,,,,,,,,,,,,,,,,,,,,,,,,,,,,,,,,,,,,,,,,,,,,,,,,,,,,,,,,,,,,,,,,,,,,,,,,,,,,,,,,,,,,,,,,,,,,,,,,,,,,,,,,,,,,,,,,,,,,,,
Cho Hung Bank,,,,,,,,,,,,,,,,,,,,,,,,,,,,,,,,,,,,,,,,,,,,,,,,,,,,,,,,,,,,,,,,,,,,,,,,,,,,,,,,,,,,,,,,,,,,,,,,,,,,,,,,,,,,,,,,,,,,,,,,,,,,,,,,,,,,,,,,,,,,,,,,,,,,,,,,,,,,,,,,,,,,,,,,,,,,,,,,,,,,,,,,,,,,,,,,,,,,,,,,,,,,,,,,,,
Citibank N A,,,,,,,,,,,,,,,,,,,,,,,,,,,,,,,,,,,,,,,,,,,,,,,,,,,,,,,,,,,,,,,,,,,,,,,,,,,,,,,,,,,,,,,,,,,,,,,,,,,,,,,,,,,,,,,,,,,,,,,,,,,,,,,,,,,,,,,,,,,,,,,,,,,,,,,,,,,,,,,,,,,,,,,,,,,,,,,,,,,,,,,,,,,,,,,,,,,,,,,,,,,,,,,,,,
Citizencredit Co-Op. Bank Ltd.,,,,,,,,,,,,,,,,,,,,,,,,,,,,,,,,,,,,,,,,,,,,,,,,,,,,,,,,,,,,,,,,,,,,,,,,,,,,,,,,,,,,,,,,,,,,,,,,,,,,,,,,,,,,,,,,,,,,,,,,,,,,,,,,,,,,,,,,,,,,,,,,,,,,,,,,,,,,,,,,,,,,,,,,,,,,,,,,,,,,,,,,,,,,,,,,,,,,,,,,,,,,,,,,,,
City Co-Op. Bank Ltd.,,,,,,,,,,,,,,,,,,,,,,,,,,,,,,,,,,,,,,,,,,,,,,,,,,,,,,,,,,,,,,,,,,,,,,,,,,,,,,,,,,,,,,,,,,,,,,,,,,,,,,,,,,,,,,,,,,,,,,,,,,,,,,,,,,,,,,,,,,,,,,,,,,,,,,,,,,,,,,,,,,,,,,,,,,,,,,,,,,,,,,,,,,,,,,,,,,,,,,,,,,,,,,,,,,
City Union Bank Ltd.,,,,,,,,,,,,,,,,,,,,,,,,,,,,,,,,,,,,,,,,,,,,,,,,,,,,,,,,,293.06,197.29,1.81,1.23,,76.41,148.5,,,129.14,,95.77,,,335.82,232.79,1.86,1.3,,95.77,165,,,157.74,,103.03,,,511.98,323.15,2.41,1.53,,103.03,205,,,121.36,,186.67,,,681.98,408.34,2.83,1.71,,186.67,251.5,,,167.86,,270.31,,,856.55,474.78,3.03,1.7,,270.31,303,,,196.13,,377.18,70.58,,977.06,977.05,2.95,1.81,0.33,377.18,270,,,265.9,,381.28,89.75,0.33,1413.4,1413.4,4.09,2.29,0.33,381.28,631,,,381.41,,630.87,108.89,0.33,1893.19,1893.19,5.11,2.97,2.15,630.87,599,,,411.87,,818,103.29,2.15,1933.18,1933.18,4.7,2.95,3.54,818,553.5,,,,629.42,742.08,188.33,3.54,1920.16,1920.16,4.37,2.36,3.54,,,,,,,,294.27,3.54,1854.43,898.68,3.99,1.97,3.54,902.53,327,,,,296.03,933.5,215.14,3.54
Co-Operative Bank Of Ahmedabad Ltd.,,,,,,,,,,,,,,,,,,,,,,,,,,,,,,,,,,,,,,,,,,,,,,,,,,,,,,,,,,,,,,,,,,,,,,,,,,,,,,,,,,,,,,,,,,,,,,,,,,,,,,,,,,,,,,,,,,,,,,,,,,,,,,,,,,,,,,,,,,,,,,,,,,,,,,,,,,,,,,,,,,,,,,,,,,,,,,,,,,,,,,,,,,,,,,,,,,,,,,,,,,,,,,,,,,
Co-Operative Bank Of Rajkot Ltd.,,,,,,,,,,,,,,,,,,,,,,,,,,,,,,,,,,,,,,,,,,,,,,,,,,,,,,,,,,,,,,,,,,,,,,,,,,,,,,,,,,,,,,,,,,,,,,,,,,,,,,,,,,,,,,,,,,,,,,,,,,,,,,,,,,,,,,,,,,,,,,,,,,,,,,,,,,,,,,,,,,,,,,,,,,,,,,,,,,,,,,,,,,,,,,,,,,,,,,,,,,,,,,,,,,
Coastal Local Area Bank Ltd.,,,,,,,,,,,,,,,,,,,,,,,,,,,,,,,,,,,,,,,,,,,,,,,,,,,,,,,,,,,,,,,,,,,,,,,,,,,,,,,,,,,,,,,,,,,,,,,,,,,,,,,,,,,,,,,,,,,,,,,,,,,,,,,,,,,,,,,,,,,,,,,,,,,,,,,,,,,,,,,,,,,,,,,,,,,,,,,,,,,,,,,,,,,,,,,,,,,,,,,,,,,,,,,,,,
Commerzbank A G,,,,,,,,,,,,,,,,,,,,,,,,,,,,,,,,,,,,,,,,,,,,,,,,,,,,,,,,,,,,,,,,,,,,,,,,,,,,,,,,,,,,,,,,,,,,,,,,,,,,,,,,,,,,,,,,,,,,,,,,,,,,,,,,,,,,,,,,,,,,,,,,,,,,,,,,,,,,,,,,,,,,,,,,,,,,,,,,,,,,,,,,,,,,,,,,,,,,,,,,,,,,,,,,,,
Commonwealth Bank Of Australia,,,,,,,,,,,,,,,,,,,,,,,,,,,,,,,,,,,,,,,,,,,,,,,,,,,,,,,,,,,,,,,,,,,,,,,,,,,,,,,,,,,,,,,,,,,,,,,,,,,,,,,,,,,,,,,,,,,,,,,,,,,,,,,,,,,,,,,,,,,,,,,,,,,,,,,,,,,,,,,,,,,,,,,,,,,,,,,,,,,,,,,,,,,,,,,,,,,,,,,,,,,,,,,,,,
Cooperatieve Rabobank U A,,,,,,,,,,,,,,,,,,,,,,,,,,,,,,,,,,,,,,,,,,,,,,,,,,,,,,,,,,,,,,,,,,,,,,,,,,,,,,,,,,,,,,,,,,,,,,,,,,,,,,,,,,,,,,,,,,,,,,,,,,,,,,,,,,,,,,,,,,,,,,,,,,,,,,,,,,,,,,,,,,,,,,,,,,,,,,,,,,,,,,,,,,,,,,,,,,,,,,,,,,,,,,,,,,
Corporation Bank [Merged],,,,,,,,,,,,,,,,,,,,,,,,,,,,,,,,,,,,,,,,,,,,,,,,,,,,,,,,,,,,,,,,,,,,,,,,,,,,,,,,,,,,,,,,,,,,,,,,,,,,,,,,,,,,,,,,,,,,,,,,,,,,,,,,,,,,,,,,,,,,,,,,,,,,,,,,,,,,,,,,,,,,,,,,,,,,,,,,,,,,,,,,,,,,,,,,,,,,,,,,,,,,,,,,,,
Cosmos Co-Operative Bank Ltd.,,,,,,,,,,,,,,,,,,,,,,,,,,,,,,,,,,,,,,,,,,,,,,,,,,,,,,,,,,,,,,,,,,,,,,,,,,,,,,,,,,,,,,,,,,,,,,,,,,,,,,,,,,,,,,,,,,,,,,,,,,,,,,,,,,,,,,,,,,,,,,,,,,,,,,,,,,,,,,,,,,,,,,,,,,,,,,,,,,,,,,,,,,,,,,,,,,,,,,,,,,,,,,,,,,
Credit Agricole Corporate & Invst. Bank,,,,,,,,,,,,,,,,,,,,,,,,,,,,,,,,,,,,,,,,,,,,,,,,,,,,,,,,,0.59,,0.02,,,0.91,,,,0.32,,0.59,,,17.38,8.39,0.66,0.32,,0.59,8.4,,,,,8.99,,,0.59,,0.01,,,8.99,,,,,8.4,0.59,,,237.62,175.58,4.18,,,0.59,61.45,,,,,62.04,,,552.5,204.55,6.16,4.64,,62.04,317.49,,,,307.83,71.7,,,767.12,56.99,9.1,1.47,,71.7,352.85,,,,97.99,326.56,,,3.17,,0.06,,,326.56,70.45,,,393.84,,3.17,,,2.93,,0.06,,,3.17,,,,0.24,,2.93,,,2.93,,0.06,,,2.93,,,,,,2.93,,,2.93,,0.06,,,2.93,,,,,,2.93,,,2.93,,0.06,0,,2.93,,,,,,2.93,,
Credit Lyonnais,,,,,,,,,,,,,,,,,,,,,,,,,,,,,,,,,,,,,,,,,,,,,,,,,,,,,,,,,,,,,,,,,,,,,,,,,,,,,,,,,,,,,,,,,,,,,,,,,,,,,,,,,,,,,,,,,,,,,,,,,,,,,,,,,,,,,,,,,,,,,,,,,,,,,,,,,,,,,,,,,,,,,,,,,,,,,,,,,,,,,,,,,,,,,,,,,,,,,,,,,,,,,,,,,,
Credit Suisse A G (Mumbai),,,,,,,,,,,,,,,,,,,,,,,,,,,,,,,,,,,,,,,,,,,,,,,,,,,,,,,,,,,,,,,,,,,,,,,,,,,,,,,,,,,,,,,,,,,,,,,,,,,,,,,,,,,,,,,,,,,,,,,,,,,,,,,,,,,,,,,,,,,,,,,,,,,,,,,,,,,,,,,,,,,,,,,,,,,,,,,,,,,,,,,,,,,,,,,,,,,,,,,,,,,,,,,,,,
D B S Bank India Ltd.,,,,,,,,,,,,,,,,,,,,,,,,,,,,,,,,,,,,,,,,,,,,,,,,,,,,,,,,,,,,,,,,,,,,,,,,,,,,,,,,,,,,,,,,,,,,,,,,,,,,,,,,,,,,,,,,,,,,,,,,,,,,,,,,,,,,,,,,,,,,,,,,,,,,,,,,,,,,,,,,,,,,,,,,,,,,,,,,,,,,,,,,,,,,,,,,,,,,,,,,,,,,,,,,,,
D B S Bank Ltd.,,,,,,,,,,,,,,,,,,,,,,,,,,,,,,,,,,,,,,,,,,,,,,,,,,,,,,,,,,,,,,,,,,,,,,,,,,,,,,,,,,,,,,,,,,,,,,,,,,,,,,,,,,,,,,,,,,,,,,,,,,,,,,,,,,,,,,,,,,,,,4231.28,,211564,154404,,253.07,525.96,,,207.43,,571.6,,,1283.87,,128387,65752,1.61,571.6,654.26,,,599.51,,626.35,,4.55,,,,,,,,,,,,,,,838.4,,3.77,2.12,6.4,866.1,276.8,,,767,375.9,0,,67.1,938.2,,5.04,1.09,11.5,375.9,486.6,,,119.4,743.1,0,,81
D C B Bank Ltd.,,,,,,,,,,,,,,,,,,,,,,,,,,,,,,,,,,,,,,,,,,,,,,,,,,,,,,,,,138.45,74.02,1.69,0.91,,159.46,42.88,,,139.89,,62.45,,,186.07,105.7,1.76,1.01,,62.45,61.9,,,46.99,,77.36,,,197.38,97.46,1.51,0.75,,77.36,88.23,,,68.68,,96.91,,,254.2,124.41,1.59,0.79,,96.91,99.19,,,69.07,,127.03,,,369.03,146.72,1.79,0.72,,127.03,172.88,,,78.27,,221.64,,,439.48,153.77,1.84,0.65,,221.64,200.2,,,136.13,,285.71,,,631.51,293.51,2.46,1.16,,285.71,258.21,,,206.8,,337.12,,,1083.44,594.15,4.09,2.29,,337.12,311.28,,,167.22,,481.18,,,1289.94,573.23,4.32,1.97,,489.29,619.06,,,,391.65,716.7,,,1122.84,356.92,3.19,1.04,,716.7,579.22,,,,530,765.92,,,1353.47,454.33,3.23,1.11,1.97,765.92,504.62,,,,371.4,899.14,,1.97
Deccan Merchants Co-Op. Bank Ltd.,,,,,,,,,,,,,,,,,,,,,,,,,,,,,,,,,,,,,,,,,,,,,,,,,,,,,,,,,,,,,,,,,,,,,,,,,,,,,,,,,,,,,,,,,,,,,,,,,,,,,,,,,,,,,,,,,,,,,,,,,,,,,,,,,,,,,,,,,,,,,,,,,,,,,,,,,,,,,,,,,,,,,,,,,,,,,,,,,,,,,,,,,,,,,,,,,,,,,,,,,,,,,,,,,,
Dena Bank [Merged],,,,,,,,,,,,,,,,,,,,,,,,,,,,,,,,,,,,,,,,,,,,,,,,,,,,,,,,,,,,,,,,,,,,,,,,,,,,,,,,,,,,,,,,,,,,,,,,,,,,,,,,,,,,,,,,,,,,,,,,,,,,,,,,,,,,,,,,,,,,,2616.03,2616.03,3.33,2.35,110.22,518.51,733.12,,,478.85,,772.78,,110.22,4393.04,4393.04,5.45,3.82,121.29,772.78,1114.74,,,515.3,,1372.22,,121.29,8560.49,8560.49,9.98,6.35,115.92,1372.22,2724.09,,,773.99,,3322.32,,115.92,12618.73,12618.73,16.27,10.66,141.42,3322.32,2457.75,,,902.4,,4877.67,,160.3,16361.44,16361.44,22.04,11.95,151.77,4877.67,4281.8,,,679.39,,8480.08,,161.52
Deutsche Bank A G,,,,,,,,,,,,,,,,,,,,,,,,,,,,,,,,,,,,,,,,,,,,,,,,,,,,,,,,,,,,,,,,,,,,,,,,,,,,,,,,,,,,,,,,,,,,,,,,,,,,,,,,,,,,,,,,,,,,,,,,,,,,,,,,,,,,,,,,,,,,,,,,,,,,,,,,,,,,,,,,,,,,,,,,,,,,,,,,,,,,,,,,,,,,,,,,,,,,,,,,,,,,,,,,,,
Dhanlaxmi Bank Ltd.,,,,,,,,,,,,,,,,,,,,,,,,,,,,,,,,,,,,,,,,,,,,,,,,,,,,,,,,,,,,,,,,,,,,,,,,,,,,,,,,,,,,,,,,,,,,,,,,,,,,,,,,,,,,,,,,,,,,,,,,,,,,,,,,,,,,,,,,,,,,,,,,,,,,,,,,,,,,,,,,,,,,,,,,,,,,,,,,,,,,,,,,,,,,,,,,,,,,,,,,,,,,,,,,,,
Doha Bank,,,,,,,,,,,,,,,,,,,,,,,,,,,,,,,,,,,,,,,,,,,,,,,,,,,,,,,,,,,,,,,,,,,,,,,,,,,,,,,,,,,,,,,,,,,,,,,,,,,,,,,,,,,,,,,,,,,,,,,,,,,,,,,,,,,,,,,,,,,,,,,,,,,,,,,,,,,,,,,,,,,,,,,,,,,,,,,,,,,,,,,,,,,,,,,,,,,,,,,,,,,,,,,,,,
Doha Bank Q S C,,,,,,,,,,,,,,,,,,,,,,,,,,,,,,,,,,,,,,,,,,,,,,,,,,,,,,,,,,,,,,,,,,,,,,,,,,,,,,,,,,,,,,,,,,,,,,,,,,,,,,,,,,,,,,,,,7.04,2.35,2.22,0.56,,,7.04,,,,,7.04,,,9.38,,1.35,,,7.04,2.35,,,,0.5,8.89,,,8.88,,0.92,,,8.88,,,,,,8.88,,,8.88,,0.9,,,8.88,,,,,,8.88,,,26.5,13.92,3.76,2.01,,8.88,3.7,,,,,12.58,,,26.5,8.81,3.47,1.18,,12.58,5.11,,,,,17.69,,,26.5,,4.19,,,17.69,8.81,,,,,26.5,,
Dombivli Nagari Sahakari Bank Ltd.,,,,,,,,,,,,,,,,,,,,,,,,,,,,,,,,,,,,,,,,,,,,,,,,,,,,,,,,,,,,,,,,,,,,,,,,,,,,,,,,,,,,,,,,,,,,,,,,,,,,,,,,,,,,,,,,,,,,,,,,,,,,,,,,,,,,,,,,,,,,,,,,,,,,,,,,,,,,,,,,,,,,,,,,,,,,,,,,,,,,,,,,,,,,,,,,,,,,,,,,,,,,,,,,,,
Dresdner Bank A.G.,,,,,,,,,,,,,,,,,,,,,,,,,,,,,,,,,,,,,,,,,,,,,,,,,,,,,,,,,,,,,,,,,,,,,,,,,,,,,,,,,,,,,,,,,,,,,,,,,,,,,,,,,,,,,,,,,,,,,,,,,,,,,,,,,,,,,,,,,,,,,,,,,,,,,,,,,,,,,,,,,,,,,,,,,,,,,,,,,,,,,,,,,,,,,,,,,,,,,,,,,,,,,,,,,,
Equitas Small Finance Bank Ltd.,,,,,,,,,,,,,,,,,,,,,,,,,,,,,,,,,,,,,,,,,,,,,,,,,,,,,,,,,,,,,,,,,,,,,,,,,,,,,,,,,,,,,,,,,,,,,,,,,,,,,,,,,,,,,,,,,,,,,,,,,,,,,,,,,,,,,,,,,,,,,,,,,,,,,,,,,,,,,,,,,,,,,,,,,837.19,479.48,4.24,2.47,,357.61,516.42,,,516.32,,357.71,,,723.96,312.02,2.76,1.21,,357.71,681.41,,,627.17,,411.95,,,821.27,360.9,2.61,1.17,,411.95,453.74,,,405.31,,460.38,,
Esaf Small Finance Bank Ltd.,,,,,,,,,,,,,,,,,,,,,,,,,,,,,,,,,,,,,,,,,,,,,,,,,,,,,,,,,,,,,,,,,,,,,,,,,,,,,,,,,,,,,,,,,,,,,,,,,,,,,,,,,,,,,,,,,121.05,84.81,3.79,2.69,,4.25,32.43,,,,0.44,36.24,,,74.01,35.2,1.61,0.77,,36.24,101.2,,,,98.63,38.81,,,100.86,42.17,1.53,0.64,,35.21,42.22,,,,35.26,42.17,,,564,316.58,6.7,3.88,,42.17,316.74,,,,42.33,316.58,,,949.6,455.96,7.83,3.92,,247.42,381.53,,,135.31,,493.64,,,351.69,157.89,2.49,1.13,,493.64,735.6,,,1035.44,,193.8,,,,,4.76,2.26,,,,,,,,,,
Excellent Co-Operative Bank Ltd.,,,,,,,,,,,,,,,,,,,,,,,,,,,,,,,,,,,,,,,,,,,,,,,,,,,,,,,,,,,,,,,,,,,,,,,,,,,,,,,,,,,,,,,,,,,,,,,,,,,,,,,,,,,,,,,,,,,,,,,,,,,,,,,,,,,,,,,,,,,,,,,,,,,,,,,,,,,,,,,,,,,,,,,,,,,,,,,,,,,,,,,,,,,,,,,,,,,,,,,,,,,,,,,,,,
Federal Bank Ltd.,,,,,,,,,,,,,,,,,,,,,,,,,,,,,,,,,,,,,,,,,,,,,,,,,,,,,,,,,,,,,,,,,,,,,,,,,,,,,,,,,,,,,,,,,,,,,,,,,,,,,,,,,,,,,,,,,,,,,,,,,,,,,,,,,,,,,,,,,,,,,,,,,,,,,,,,,,,,,,,,,,,,,,,,,,,,,,,,,,,,,,,,,,,,,,,,,,,,,,,,,,,,,,,,,,
Fincare Small Finance Bank Ltd. [Merged],,,,,,,,,,,,,,,,,,,,,,,,,,,,,,,,,,,,,,,,,,,,,,,,,,,,,,,,,,,,,,,,,,,,,,,,,,,,,,,,,,,,,,,,,,,,,,,,,,,,,,,,,,,,,,,,,,,,,,,,,,,,,,,,13.17,0.94,0.72,,3.05,40.31,,,,39.31,4.05,,,,9.49,1.29,0.34,,4.05,40.07,,,,17.72,26.4,,,,19.75,0.92,0.41,,26.4,48.46,,,,49.89,24.97,,,,148.41,6.42,2.8,,24.97,211.08,,,,30.87,205.18,,,,249.83,7.79,3.55,,205.18,768.77,,,650.55,,323.4,,,,113.02,3.25,1.3,,,,,,,,,,
Firstrand Bank Ltd.,,,,,,,,,,,,,,,,,,,,,,,,,,,,,,,,,,,,,,,,,,,,,,,,,,,,,,,,,,,,,,,,,,,,,,,,,,,,,,,,,,,,,,,,,,,,,,,,,,,,,,,,,,,,,,,,,,,,,,,,,,,,,,,,,,,,,,,,,,,,,,,,,,,,,,,,,,,,,,,,,,,,,,,,,,,,,,,,,,,,,,,,,,,,,,,,,,,,,,,,,,,,,,,,,,
Ganesh Bank Of Kurundwad Ltd. [Merged],,,,,,,,,,,,,,,,,,,,,,,,,,,,,,,,,,,,,,,,,,,,,,,,,,,,,,,,,,,,,,,,,,,,,,,,,,,,,,,,,,,,,,,,,,,,,,,,,,,,,,,,,,,,,,,,,,,,,,,,,,,,,,,,,,,,,,,,,,,,,,,,,,,,,,,,,,,,,,,,,,,,,,,,,,,,,,,,,,,,,,,,,,,,,,,,,,,,,,,,,,,,,,,,,,
Global Trust Bank Ltd. [Merged],,,,,,,,,,,,,,,,,,,,,,,,,,,,,,,,,,,,,,,,,,,,,,,,,,,,,,,,,,,,,,,,,,,,,,,,,,,,,,,,,,,,,,,,,,,,,,,,,,,,,,,,,,,,,,,,,,,,,,,,,,,,,,,,,,,,,,,,,,,,,,,,,,,,,,,,,,,,,,,,,,,,,,,,,,,,,,,,,,,,,,,,,,,,,,,,,,,,,,,,,,,,,,,,,,
Greater Bombay Co-Op. Bank Ltd.,,,,,,,,,,,,,,,,,,,,,,,,,,,,,,,,,,,,,,,,,,,,,,,,,,,,,,,,,,,,,,,,,,,,,,,,,,,,,,,,,,,,,,,,,,,,,,,,,,,,,,,,,,,,,,,,,,,,,,,,,,,,,,,,,,,,,,,,,,,,,,,,,,,,,,,,,,,,,,,,,,,,,,,,,,,,,,,,,,,,,,,,,,,,,,,,,,,,,,,,,,,,,,,,,,
Gujarat Industrial Co-Op. Bank Ltd.,,,,,,,,,,,,,,,,,,,,,,,,,,,,,,,,,,,,,,,,,,,,,,,,,,,,,,,,,,,,,,,,,,,,,,,,,,,,,,,,,,,,,,,,,,,,,,,,,,,,,,,,,,,,,,,,,,,,,,,,,,,,,,,,,,,,,,,,,,,,,,,,,,,,,,,,,,,,,,,,,,,,,,,,,,,,,,,,,,,,,,,,,,,,,,,,,,,,,,,,,,,,,,,,,,
Gujarat State Co-Op. Bank Ltd.,,,,,,,,,,,,,,,,,,,,,,,,,,,,,,,,,,,,,,,,,,,,,,,,,,,,,,,,,,,,,,,,,,,,,,,,,,,,,,,,,,,,,,,,,,,,,,,,,,,,,,,,,,,,,,,,,,,,,,,,,,,,,,,,,,,,,,,,,,,,,,,,,,,,,,,,,,,,,,,,,,,,,,,,,,,,,,,,,,,,,,,,,,,,,,,,,,,,,,,,,,,,,,,,,,
H D F C Bank Ltd.,,,,,,,,,,,,,,,,,,,,,,,,,,,,,,,,,,,,,,,,,,,,,,,,,,,,,,,,,,,,,,,,,,,,,,,,,,,,,,,,,,,,,,,,,,,,,,,,,,,,,,,,,,,,,,,,,,,,,,,,,,,,,,,,,,,,,,,,,,,,,,,,,,,,,,,,,,,,,,,,,,,,,,,,,,,,,,,,,,,,,,,,,,,,,,,,,,,,,,,,,,,,,,,,,,
H S B C Bank Oman S A O G,,,,,,,,,,,,,,,,,,,,,,,,,,,,,,,,,,,,,,,,,,,,,,,,,,,,,,,,,,,,,,,,,,,,,,,,,,,,,,,,,,,,,,,,,,,,,,,,,,,,,,,,,,,,,,,,,,,,,,,,,,,,,,,,,,,,,,,,,,,,,,,,,,,,,,,,,,,,,,,,,,,,,,,,,,,,,,,,,,,,,,,,,,,,,,,,,,,,,,,,,,,,,,,,,,
Haryana Gramin Bank,,,,,,,,,,,,,,,,,,,,,,,,,,,,,,,,,,,,,,,,,,,,,,,,,,,,,,,,,,,,,,,,,,,,,,,,,,,,,,,,,,,,,,,,,,,,,,,,,,,,,,,,,,,,,,,,,,,,,,,,,,,,,,,,,,,,,,,,,,,,,,,,,,,,,,,,,,,,,,,,,,,,,,,,,,,,,,,,,,,,,,,,,,,,,,,,,,,,,,,,,,,,,,,,,,
Hongkong & Shanghai Banking Corpn. Ltd.,,,,,,,,,,,,,,,,,,,,,,,,,,,,,,,,,,,,,,,,,,,,,,,,,,,,,,,,,,,,,,,,,,,,,,,,,,,,,,,,,,,,,,,,,,,,,,,,,,,,,,,,,,,,,,,,,,,,,,,,,,,,,,,,,,,,,,,,,,,,,,,,,,,,,,,,,,,,,,,,,,,,,,,,,,,,,,,,,,,,,,,,,,,,,,,,,,,,,,,,,,,,,,,,,,
Hooseini Co-Operative Credit Socy. Ltd.,,,,,,,,,,,,,,,,,,,,,,,,,,,,,,,,,,,,,,,,,,,,,,,,,,,,,,,,,,,,,,,,,,,,,,,,,,,,,,,,,,,,,,,,,,,,,,,,,,,,,,,,,,,,,,,,,,,,,,,,,,,,,,,,,,,,,,,,,,,,,,,,,,,,,,,,,,,,,,,,,,,,,,,,,,,,,,,,,,,,,,,,,,,,,,,,,,,,,,,,,,,,,,,,,,
I C I C I Bank Ltd.,,,,,,,,,,,,,,,,,,,,,,,,,,,,,,,,,,,,,,,,,,,,,,,,,,,,,,,,,,,,,,,,,,,,,,,,,,,,,,,,,,,,,,,,,,,,,,,,,,,,,,,,,,,,,,,,,,,,,,,,,,,,,,,,,,,,,,,,,,,,,,,,,,,,,,,,,,,,,,,,,,,,,,,,,,,,,,,,,,,,,,,,,,,,,,,,,,,,,,,,,,,,,,,,,,
I D B I Bank Ltd.,,,,,,,,,,,,,,,,,,,,,,,,,,,,,,,,,,,,,,,,,,,,,,,,,,,,,,,,,,,,,,,,,,,,,,,,,,,,,,,,,,,,,,,,,,,,,,,,,,,,,,,,,,,,,,,,,,,,,,,,,,,,,,,,,,,,,,,,,,,,,,,,,,,,,,,,,,,,,,,,,,,,,,,,,,,,,,,,,,,,,,,,,,,,,,,,,,,,,,,,,,,,,,,,,,
I D B I Bank Ltd. [Merged],,,,,,,,,,,,,,,,,,,,,,,,,,,,,,,,,,,,,,,,,,,,,,,,,,,,,,,,,,,,,,,,,,,,,,,,,,,,,,,,,,,,,,,,,,,,,,,,,,,,,,,,,,,,,,,,,,,,,,,,,,,,,,,,,,,,,,,,,,,,,,,,,,,,,,,,,,,,,,,,,,,,,,,,,,,,,,,,,,,,,,,,,,,,,,,,,,,,,,,,,,,,,,,,,,
I D F C First Bank Ltd.,,,,,,,,,,,,,,,,,,,,,,,,,,,,,,,,,,,,,,,,,,,,,,,,,,,,,,,,,,,,,,,,,,,,,,,,,,,,,,,,,,,,,,,,,,,,,,,,,,,,,,,,,,,,,,,,,,,,,,,,,,,,,,,,,,,,,,,,,,,,,,,,,,,,,,,,,,,,,,,,,,,,,,,,,,,,,,,,,,,,,,,,,,,,,,,,,,,,,,,,,,,,,,,,,,
I N G Bank N V,,,,,,,,,,,,,,,,,,,,,,,,,,,,,,,,,,,,,,,,,,,,,,,,,,,,,,,,,,,,,,,,,,,,,,,,,,,,,,,,,,,,,,,,,,,,,,,,,,,,,,,,,,,,,,,,,,,,,,,,,,,,,,,,,,,,,,,,,,,,,,,,,,,,,,,,,,,,,,,,,,,,,,,,,,,,,,,,,,,,,,,,,,,,,,,,,,,,,,,,,,,,,,,,,,
I N G Vysya Bank Ltd. [Merged],,,,,,,,,,,,,,,,,,,,,,,,,,,,,,,,,,,,,,,,,,,,,,,,,,,,,,,,,,,,,,,,,,,,,,,,,,,,,,,,,,,,,,,,,,,,,,,,,,,,,,,,,,,,,,,,,,,,,,,,,,,,,,,,,,,,,,,,,,,,,,,,,,,,,,,,,,,,,,,,,,,,,,,,,,,,,,,,,,,,,,,,,,,,,,,,,,,,,,,,,,,,,,,,,,
India Post Payments Bank Ltd.,,,,,,,,,,,,,,,,,,,,,,,,,,,,,,,,,,,,,,,,,,,,,,,,,,,,,,,,,,,,,,,,,,,,,,,,,,,,,,,,,,,,,,,,,,,,,,,,,,,,,,,,,,,,,,,,,,,,,,,,,,,,,,,,,,,,,,,,,,,,,,,,,,,,,,,,,,,,,,,,,,,,,,,,,,,,,,,,,,,,,,,,,,,,,,,,,,,,,,,,,,,,,,,,,,
Indian Bank,,,,,,,,,,,,,,,,,,,,,,,,,,,,,,,,,,,,,,,,,,,,,,,,,,,,,,,,,4562.19,2763.65,3.67,2.26,8.93,948.56,1188.04,,,,649.69,1486.91,,8.93,5670.44,3146.95,4.4,2.5,33.76,,,,,,,,,33.76,31572.81,5419.4,6.66,4.2,39.72,2098.93,2376.68,,,1605.09,56.23,2814.29,,39.72,9865.14,5606.57,7.47,4.39,17.93,2973.52,2147.02,,,1331.62,,3788.92,,17.93,11990.14,5959.57,7.37,3.81,19.38,3855.74,3472.15,,,1769.85,,5558.04,,337.15,13353.45,6793.11,7.11,3.75,63.26,5498.23,3594.47,,,2960.84,,6131.86,,412.77,14150.84,6184.24,6.87,3.13,425.08,6131.86,4254.77,,,2871.16,,7515.47,,771.32,38455.34,12271.13,9.85,3.37,797.45,27274.26,6663.77,,,8297.85,,25640.18,,1698.73,35214.26,8848.65,8.47,2.27,809.69,25893.36,2030.31,,,2177.24,,25746.43,2065.53,1882.02,28179.53,4043.07,5.95,0.9,1703.9,25761.35,6342.14,,,8528.82,,23574.67,2835.11,2715.63,21106.31,2222.58,3.95,0.43,2550.81,23574.67,3652.87,,,8745.46,,18482.08,2698.23,2550.81
Indian Overseas Bank,,,,,,,,,,,,,,,,,,,,,,,,,,,,,,,,,,,,,,,,,,,,,,,,,,,,,,,,,,,,,,,,,,,,,,,,,,,,,,,,,,,,,,,,,,,,,,,,,,,,,,,,,,,,,,,,,,,,,,,,,,,,,,,,,,,,,,,,,,,,,,,,,,,,,,,,,,,,,,,,,,,,,,,,,,,,,,,,,,,,,,,,,,,,,,,,,,,,,,,,,,,,,,,,,,
Indusind Bank Ltd.,,,,,,,,,,,,,,,,,,,,,,,,,,,,,,,,,,,,,,,,,,,,,,,,,,,,,,,,,620.8,184,1.12,0.33,7.1,321,356.8,,,241.1,,436.7,,7.1,562.9,210.5,0.81,0.31,2.3,436.7,684.6,,,768.8,,352.5,,2.3,1246.4,321.7,0.87,0.36,2.3,352.4,517.3,,,280.7,134,455,72.3,2.3,1716.7,438.9,0.93,0.39,2.3,455.1,735.6,,,465.5,109.2,616,32.3,2.3,,,,,,,,,,,,,,,,,,,,,,,,,,,,,,,,,,,,,,,,,,,,,2.67,0.69,,,,,,,,,,,,,2.27,0.64,,,,,,,,,,,5826.3,1715,1.98,0.59,76.2,3987.3,4842.9,,,3761.6,957.3,4111.3,,76.2,6693.4,,1.92,0.57,76.2,4111.3,4033.3,,,2470.6,949.5,4724.5,301.8,76.2
Industrial & Commercial Bank Of China Ltd.,,,,,,,,,,,,,,,,,,,,,,,,,,,,,,,,,,,,,,,,,,,,,,,,,,,,,,,,,,,,,,,,,,,,,,,,,,,,,,,,,,,,,,,,,,,,,,,,,,,,,,,,,,,,,,,,,,,,,,,,,,,,,,,,,,,,,,,,,,,,,,,,,,,,,,,,,,,,,,,,,,,,,,,,,,,,,,,,,,,,,,,,,,,,,,,,,,,,,,,,,,,,,,,,,,
Industrial Bank Of Korea,,,,,,,,,,,,,,,,,,,,,,,,,,,,,,,,,,,,,,,,,,,,,,,,,,,,,,,,,,,,,,,,,,,,,,,,,,,,,,,,,,,,,,,,,,,,,,,,,,,,,,,,,,,,,,,,,,,,,,,,,,,,,,,,,,,,,,,,,,,,,,,,,,,,,,,,,,,,,,,,,,,,,,,,,,,,,,,,,,,,,,,,,,,,,,,,,,,,,,,,,,,,,,,,,,
"J P Morgan Chase Bank, National Association",,,,,,,,,,,,,,,,,,,,,,,,,,,,,,,,,,,,,,,,,,,,,,,,,,,,,,,,,,,,,,,,,,,,,,,,,,,,,,,,,,,,,,,,,,,,,,,,,,,,,,,,,,,,,,,,,23.4,,0.49,,,47.5,,,,1,,46.5,,,46.7,,,,,46.5,4.7,,,46.5,,4.7,,,46.7,37.3,0.45,,,4.7,4.7,,,,,9.4,,,,,,,,9.4,16.2,,,25.6,,0,,,,,,,,,,,,,,,,,,,,,,,,,,,,,,,,,,,,,,,,,,,,63.2
J S C Vtb Bank,,,,,,,,,,,,,,,,,,,,,,,,,,,,,,,,,,,,,,,,,,,,,,,,,,,,,,,,,,,,,,,,,,,,,,,,,,,,,,,,,,,,,,,,,,,,,,,,,,,,,,,,,,,,,,,,,,,,,,,,,,,,,,,,,,,,,,,,,,,,,,,,,,,,,,,,,,,,,,,,,,,,,,,,,,,,,,,,,,,,,,,,,,,,,,,,,,,,,,,,,,,,,,,,,,
Jain Sahakari Bank Ltd.,,,,,,,,,,,,,,,,,,,,,,,,,,,,,,,,,,,,,,,,,,,,,,,,,,,,,,,,,,,,,,,,,,,,,,,,,,,,,,,,,,,,,,,,,,,,,,,,,,,,,,,,,,,,,,,,,,,,,,,,,,,,,,,,,,,,,,,,,,,,,,,,,,,,,,,,,,,,,,,,,,,,,,,,,,,,,,,,,,,,,,,,,,,,,,,,,,,,,,,,,,,,,,,,,,
Jammu & Kashmir Bank Ltd.,,,,,,,,,,,,,,,,,,,,,,,,,,,,,,,,,,,,,,,,,,,,,,,,,,,,,,,,,,,,,,,,,,,,,,,2764.08,1236.32,5.97,2.77,154.69,653.7,813.18,,,0,,1466.88,,251.24,4368.61,2163.95,8.32,4.31,180.07,1466.88,960.67,,,315.75,,2111.8,26.85,3695.2,6000.01,2425.37,11.2,4.87,569.66,2111.8,2115.92,,,802.43,0,3425.29,30.53,23.81,6006.7,2791.12,9.96,4.9,653.22,3425.29,1222.72,,,1146.6,389.15,3112.26,15.17,109.57,6221.35,3239.61,8.97,4.89,545.67,3112.25,1053.51,,,1297.75,,2868.01,506.18,200.53,13694.97,2243.82,10.97,3.48,797.44,2868.01,2522.66,,,14.14,,5376.53,83.18,44.45,,,,,,,,,,,,,,,,,,,,,,,,,,,,,,,,,,,,,,,,,,,,,4.08,0.79,,,,,,,,,,
Jana Small Finance Bank Ltd.,,,,,,,,,,,,,,,,,,,,,,,,,,,,,,,,,,,,,,,,,,,,,,,,,,,,,,,,,,,,,,,,,,,,,,,,,,,,,,,,,,,,,,,,,,,,,,,,,,,,,,,,,,,,,,,,,,,,,,,,,,,,,,,,,,,,,,,,,,,,,320.81,,3.16,1.41,,249.51,230.44,,,299.52,,180.43,,,857.99,,7.24,5.33,,180.43,291.58,,,232.7,,239.31,,,756.9,,5.71,3.95,,239.31,622.98,,,618.64,,243.65,,,709.19,,3.94,2.64,,243.65,684.64,,,687.1,,241.19,,,494.33,,2.11,0.56,,241.19,592.56,,,469.44,,364.31,,
Janakalyan Sahakari Bank Ltd.,,,,,,,,,,,,,,,,,,,,,,,,,,,,,,,,,,,,,,,,,,,,,,,,,,,,,,,,,,,,,,,,,,,,,,,,,,,,,,,,,,,,,,,,,,,,,,,,,,,,,,,,,,,,,,,,,,,,,,,,,,,,,,,,,,,,,,,,,,,,,,,,,,,,,,,,,,,,,,,,,,,,,,,,,,,,,,,,,,,,,,,,,,,,,,,,,,,,,,,,,,,,,,,,,,
Janaseva Sahakari Bank (Borivli) Ltd.,,,,,,,,,,,,,,,,,,,,,,,,,,,,,,,,,,,,,,,,,,,,,,,,,,,,,,,,,,,,,,,,,,,,,,,,,,,,,,,,,,,,,,,,,,,,,,,,,,,,,,,,,,,,,,,,,,,,,,,,,,,,,,,,,,,,,,,,,,,,,,,,,,,,,,,,,,,,,,,,,,,,,,,,,,,,,,,,,,,,,,,,,,,,,,,,,,,,,,,,,,,,,,,,,,
Janata Sahakari Bank Ltd.,,,,,,,,,,,,,,,,,,,,,,,,,,,,,,,,,,,,,,,,,,,,,,,,,,,,,,,,,,,,,,,,,,,,,,,,,,,,,,,,,,,,,,,,,,,,,,,,,,,,,,,,,,,,,,,,,,,,,,,,,,,,,,,,,,,,,,,,,,,,,,,,,,,,,,,,,,,,,,,,,,,,,,,,,,,,,,,,,,,,,,,,,,,,,,,,,,,,,,,,,,,,,,,,,,
K B C Bank N V.,,,,,,,,,,,,,,,,,,,,,,,,,,,,,,,,,,,,,,,,,,,,,,,,,,,,,,,,,,,,,,,,,,,,,,,,,,,,,,,,,,,,,,,,,,,,,,,,,,,,,,,,,,,,,,,,,,,,,,,,,,,,,,,,,,,,,,,,,,,,,,,,,,,,,,,,,,,,,,,,,,,,,,,,,,,,,,,,,,,,,,,,,,,,,,,,,,,,,,,,,,,,,,,,,,
Kalupur Commercial Co-Op. Bank Ltd.,,,,,,,,,,,,,,,,,,,,,,,,,,,,,,,,,,,,,,,,,,,,,,,,,,,,,,,,,,,,,,,,,,,,,,,,,,,,,,,,,,,,,,,,,,,,,,,,,,,,,,,,,,,,,,,,,,,,,,,,,,,,,,,,,,,,,,,,,,,,,,,,,,,,,,,,,,,,,,,,,,,,,,,,,,,,,,,,,,,,,,,,,,,,,,,,,,,,,,,,,,,,,,,,,,
Kalyan Janata Sahakari Bank Ltd.,,,,,,,,,,,,,,,,,,,,,,,,,,,,,,,,,,,,,,,,,,,,,,,,,,,,,,,,,,,,,,,,,,,,,,,,,,,,,,,,,,,,,,,,,,,,,,,,,,,,,,,,,,,,,,,,,,,,,,,,,,,,,,,,,,,,,,,,,,,,,,,,,,,,,,,,,,,,,,,,,,,,,,,,,,,,,,,,,,,,,,,,,,,,,,,,,,,,,,,,,,,,,,,,,,
Kapol Co-Op. Bank Ltd.,,,,,,,,,,,,,,,,,,,,,,,,,,,,,,,,,,,,,,,,,,,,,,,,,,,,,,,,,,,,,,,,,,,,,,,,,,,,,,,,,,,,,,,,,,,,,,,,,,,,,,,,,,,,,,,,,,,,,,,,,,,,,,,,,,,,,,,,,,,,,,,,,,,,,,,,,,,,,,,,,,,,,,,,,,,,,,,,,,,,,,,,,,,,,,,,,,,,,,,,,,,,,,,,,,
Karad Urban Co-Op. Bank Ltd.,,,,,,,,,,,,,,,,,,,,,,,,,,,,,,,,,,,,,,,,,,,,,,,,,,,,,,,,,,,,,,,,,,,,,,,,,,,,,,,,,,,,,,,,,,,,,,,,,,,,,,,,,,,,,,,,,,,,,,,,,,,,,,,,,,,,,,,,,,,,,,,,,,,,,,,,,,,,,,,,,,,,,,,,,,,,,,,,,,,,,,,,,,,,,,,,,,,,,,,,,,,,,,,,,,
Karnataka Bank Ltd.,,,,,,,,,,,,,,,,,,,,,,,,,,,,,,,,,,,,,,,,,,,,,,,,,,,,,,,,,,,,,,,,,,,,,,,,,,,,,,,,,,,,,,,,,,,,,,,,,,,,,,,,,,,,,,,,,,,,,,,,,,,,,,,,,,,,,,,,,,,,,,,,,,,,,,,,,,,,,,,,,,,,,,,,,,,,,,,,,,,,,,,,,,,,,,,,,,,,,,,,,,,,,,,,,,
Karur Vysya Bank Ltd.,,,,,,,,,,,,,,,,,,,,,,,,,,,,,,,,,,,,,,,,,,,,,,,,,,,,,,,,,279.18,139.91,0.82,0.41,2.81,151.5,194.39,,,,231.41,114.48,,2.81,677.78,280.97,1.85,0.78,13.14,114.48,494.86,,,,229.34,380,,13.14,511.18,216.17,1.3,0.55,16.9,380,350.12,,,,445.12,285,,38.15,1483.81,1033.46,3.58,2.53,25.63,285,484.17,,,,340.43,428.74,,62.63,8493.8,1862.8,6.56,4.16,53.3,428.8,1024.6,,,,362.5,1090.9,43.7,84.1,4449.6,2420.3,8.79,4.98,101.9,1090.9,1406.1,,,,535.8,1961.2,70.1,137.3,4212.8,1808.7,8.68,3.92,138,1961.2,1511.2,,,,1121.8,2350.6,9.1,138.6,4142.9,1719.4,7.85,3.41,136.5,2350.6,806.4,,,,791.4,2365.6,30.2,138,3431,1260.8,5.96,2.28,127.1,2365.6,864.7,,,,1098.5,2131.8,6.8,137,1458.1,468.2,2.27,0.74,203.3,2131.8,979.8,,,2154.8,,956.8,209.3,216.7,,,1.4,0.4,,,,,,,,,,
Kerala Gramin Bank,,,,,,,,,,,,,,,,,,,,,,,,,,,,,,,,,,,,,,,,,,,,,,,,,,,,,,,,,,,,,,,,,,,,,,,,,,,,,,,,,,,,,,,,,,,,,,,,,,,,,,,,,,,,,,,,,,,,,,,,,,,,,,,,,,,,,,,,,,,,,,,,,,,,,,,,,,,,,,,,,,,,,,,,,,,,,,,,,,,,,,,,,,,,,,,,,,,,,,,,,,,,,,,,,,
Kokan Mercantile Co-Op. Bank Ltd.,,,,,,,,,,,,,,,,,,,,,,,,,,,,,,,,,,,,,,,,,,,,,,,,,,,,,,,,,,,,,,,,,,,,,,,,,,,,,,,,,,,,,,,,,,,,,,,,,,,,,,,,,,,,,,,,,,,,,,,,,,,,,,,,,,,,,,,,,,,,,,,,,,,,,,,,,,,,,,,,,,,,,,,,,,,,,,,,,,,,,,,,,,,,,,,,,,,,,,,,,,,,,,,,,,
Kotak Mahindra Bank Ltd.,,,,,,,,,,,,,,,,,,,,,,,,,,,,,,,,,,,,,,,,,,,,,,,,,,,,,,,,,,,,,,,,,,,,,,,,,,,,,,,,,,,,,,,,,,,,,,,,,,,,,,,,,,,,,,,,,,,,,,,,,,,,,,,,,,,,,,,,,,,,,,,,,,,,,,,,,,,,,,,,,,,,,,,,,,,,,,,,,,,,,,,,,,,,,,,,,,,,,,,,,,,,,,,,,,
Krishna Bhima Samruddhi Local Area Bank Ltd.,,,,,,,,,,,,,,,,,,,,,,,,,,,,,,,,,,,,,,,,,,,,,,,,,,,,,,,,,,,,,,,,,,,,,,,,,,,,,,,,,,,,,,,,,,,,,,,,,,,,,,,,,,,,,,,,,,,,,,,,,,,,,,,,,,,,,,,,,,,,,7.41,3.33,4.18,1.92,,,,,,,,,,,5.63,1.66,2.82,0.85,,,,,,,,,,,5.28,0.7,2.15,0.29,,,,,,,,,,,5.41,,1.85,,,,,,,,,,,,6.26,,1.7,,,,,,,,,,,
Krung Thai Bank Public Co. Ltd.,,,,,,,,,,,,,,,,,,,,,,,,,,,,,,,,,,,,,,,,,,,,,,,,,,,,,,,,,,,,,,,,,,,,,,,,,,,,,,,,,,,,,,,,,,,,,,,,,,,,,,,,,,,,,,,,,,,,,,,,,,,,,,,,,,,,,,,,,,,,,,,,,,,,,,,,,,,,,,,,,,,,,,,,,,,,,,,,,,,,,,,,,,,,,,,,,,,,,,,,,,,,,,,,,,
Kunbi Sahakari Bank Ltd.,,,,,,,,,,,,,,,,,,,,,,,,,,,,,,,,,,,,,,,,,,,,,,,,,,,,,,,,,,,,,,,,,,,,,,,,,,,,,,,,,,,,,,,,,,,,,,,,,,,,,,,,,,,,,,,,,,,,,,,,,,,,,,,,,,,,,,,,,,,,,,,,,,,,,,,,,,,,,,,,,,,,,,,,,,,,,,,,,,,,,,,,,,,,,,,,,,,,,,,,,,,,,,,,,,
Kurla Nagarik Sahakari Bank Ltd.,,,,,,,,,,,,,,,,,,,,,,,,,,,,,,,,,,,,,,,,,,,,,,,,,,,,,,,,,,,,,,,,,,,,,,,,,,,,,,,,,,,,,,,,,,,,,,,,,,,,,,,,,,,,,,,,,,,,,,,,,,,,,,,,,7.48,,,,31.44,,,,,31.44,,,,,13.79,,,,38.94,,,,,38.94,,,,,15.56,,,,37.18,,,,,37.18,,,,,16.96,,,,41.43,,,,,41.43,,,,,19.8,,,,45.53,,,,,45.53,,,,,20.15,,,,45.7,,,,,45.7,,
Lakshmi Vilas Bank Ltd. [Merged],,,,,,,,,,,,,,,,,,,,,,,,,,,,,,,,,,,,,,,,,,,,,,,,,,,,,,,,,,,,,,,,,,,,,,,,,,,,,,,,,,,,,,,,,,,,,,,,,,,,,,,,,,,,,,,,,546.46,443.39,4.19,3.44,7.11,100.3,247.92,,,,294.99,53.23,,8.75,454.61,302.49,2.75,1.85,9.14,53.23,138.35,,,,75.23,116.35,,10.78,391.25,231.64,1.97,1.18,9.11,247.89,25.34,,,,52.44,220.79,7.82,10.05,640.19,418.42,2.67,1.76,14.07,113.47,194.55,,,107.7,29.9,170.42,21.91,27.76,2694.21,1457.89,9.98,5.66,36.26,170.43,1343.16,,,272.02,72.52,1169.05,158.77,52.58,3359,1506.29,15.3,7.49,135.78,1169.05,995.63,,,379.42,,1785.26,67.8,178.2,4233.32,1387.86,25.39,10.04,194.84,1785.27,509.8,,,41.96,,2253.11,71.7,340.1
Lord Krishna Bank Ltd. [Merged],,,,,,,,,,,,,,,,,,,,,,,,,,,,,,,,,,,,,,,,,,,,,,,,,,,,,,,,,,,,,,,,,,,,,,,,,,,,,,,,,,,,,,,,,,,,,,,,,,,,,,,,,,,,,,,,,,,,,,,,,,,,,,,,,,,,,,,,,,,,,,,,,,,,,,,,,,,,,,,,,,,,,,,,,,,,,,,,,,,,,,,,,,,,,,,,,,,,,,,,,,,,,,,,,,
M U F G Bank Ltd.,,,,,,,,,,,,,,,,,,,,,,,,,,,,,,,,,,,,,,,,,,,,,,,,,,,,,,,,,,,,,,,,,,,,,,,,,,,,,,,,,,,,,,,,,,,,,,,,,,,,,,,,,,,,,,,,,,,,,,7.86,0.8,,,,,8.66,,,97.65,44.92,1.7,0.79,,,53.98,,,,1.25,52.73,,,,,,,,,,,,,,,,,10.25,10.25,0.11,,,97.65,10.25,,,97.65,,10.25,,,75.13,75.13,0.85,0.6,,10.25,17.5,,,5.13,,22.62,,,140,,0.58,,,22.63,52.5,,,5.13,,70,,,,,,,,70,,,,70,,0,,
Madhya Pradesh Rajya Sahakari Bank Maryadit,,,,,,,,,,,,,,,,,,,,,,,,,,,,,,,,,,,,,,,,,,,,,,,,,,,,,,,,,,,,,,,,,,,,,,,,,,,,,,,,,,,,,,,,,,,,,,,,,,,,,,,,,,,,,,,,,,,,,,,,,,,,,,,,,,,,,,,,,,,,,,,,,,,,,,,,,,,,,,,,,,,,,,,,,,,,,,,,,,,,,,,,,,,,,,,,,,,,,,,,,,,,,,,,,,
Madhyanchal Gramin Bank,,,,,,,,,,,,,,,,,,,,,,,,,,,,,,,,,,,,,,,,,,,,,,,,,,,,,,,,,,,,,,,,,,,,,,,,,,,,,,,,,,,,,,,,,,,,,,,,,,,,,,,,,,,,,,,,,,,,,,,,,,,,,,,,,,,,,,,,,,,,,,,,,,,,,,,,,,,,,,,,,,,,,,,,,,,,,,,,,,,,,,,,,,,,,,,,,,,,,,,,,,,,,,,,,,
Mahakaushal Kshetriya Gramin Bank,,,,,,,,,,,,,,,,,,,,,,,,,,,,,,,,,,,,,,,,,,,,,,,,,,,,,,,,,,,,,,,,,,,,,,,,,,,,,,,,,,,,,,,,,,,,,,,,,,,,,,,,,,,,,,,,,,,,,,,,,,,,,,,,,,,,,,,,,,,,,,,,,,,,,,,,,,,,,,,,,,,,,,,,,,,,,,,,,,,,,,,,,,,,,,,,,,,,,,,,,,,,,,,,,,
Mahanagar Co-Op. Bank Ltd.,,,,,,,,,,,,,,,,,,,,,,,,,,,,,,,,,,,,,,,,,,,,,,,,,,,,,,,,,,,,,,,,,,,,,,,,,,,,,,,,,,,,,,,,,,,,,,,,,,,,,,,,,,,,,,,,,,,,,,,,,,,,,,,,,,,,,,,,,,,,,,,,,,,,,,,,,,,,,,,,,,,,,,,,,,,,,,,,,,,,,,,,,,,,,,,,,,,,,,,,,,,,,,,,,,
Maharashtra Gramin Bank,,,,,,,,,,,,,,,,,,,,,,,,,,,,,,,,,,,,,,,,,,,,,,,,,,,,,,,,,,,,,,,,,,,,,,,,,,,,,,,,,,,,,,,,,,,,,,,,,,,,,,,,,,,,,,,,,,,,,,,,,,,,,,,,,,,,,,,,,,,,,,,,,,,,,,,,,,,,,,,,,,,,,,,,,,,,,,,,,,,,,,,,,,,,,,,,,,,,,,,,,,,,,,,,,,
Malad Sahakari Bank Ltd.,,,,,,,,,,,,,,,,,,,,,,,,,,,,,,,,,,,,,,,,,,,,,,,,,,,,,,,,,,,,,,,,,,,,,,,,,,,,,,,,,,,,,,,,,,,,,,,,,,,,,,,,,,,,,,,,,,,,,,,,,,,,,,,,,,,,,,,,,,,,,,,,,,,,,,,,,,,,,,,,,,,,,,,,,,,,,,,,,,,,,,,,,,,,,,,,,,,,,,,,,,,,,,,,,,
Mandvi Co-Operative Bank Ltd. [Merged],,,,,,,,,,,,,,,,,,,,,,,,,,,,,,,,,,,,,,,,,,,,,,,,,,,,,,,,,,,,,,,,,,,,,,,,,,,,,,,,,,,,,,,,,,,,,,,,,,,,,,,,,,,,,,,,,,,,,,,,,,,,,,,,,,,,,,,,,,,,,,,,,,,,,,,,,,,,,,,,,,,,,,,,,,,,,,,,,,,,,,,,,,,,,,,,,,,,,,,,,,,,,,,,,,
Mangal Co-Op. Bank Ltd.,,,,,,,,,,,,,,,,,,,,,,,,,,,,,,,,,,,,,,,,,,,,,,,,,,,,,,,,,,,,,,,,,,,,,,,,,,,,,,,,,,,,,,,,,,,,,,,,,,,,,,,,,,,,,,,,,,,,,,,,,,,,,,,,,,,,,,,,,,,,,,,,,,,,,,,,,,,,,,,,,,,,,,,,,,,,,,,,,,,,,,,,,,,,,,,,,,,,,,,,,,,,,,,,,,
Mapusa Urban Co-Op. Bank Of Goa Ltd.,,,,,,,,,,,,,,,,,,,,,,,,,,,,,,,,,,,,,,,,,,,,,,,,,,,,,,,,,,,,,,,,,,,,,,,,,,,,,,,,,,,,,,,,,,,,,,,,,,,,,,,,,,,,,,,,,,,,,,,,,,,,,,,,,,,,,,,,,,,,,,,,,,,,,,,,,,,,,,,,,,,,,,,,,,,,,,,,,,,,,,,,,,,,,,,,,,,,,,,,,,,,,,,,,,
Maratha Mandir Co-Op. Bank Ltd. [Merged],,,,,,,,,,,,,,,,,,,,,,,,,,,,,,,,,,,,,,,,,,,,,,,,,,,,,,,,,,,,,,,,,,,,,,,,,,,,,,,,,,,,,,,,,,,,,,,,,,,,,,,,,,,,,,,,,,,,,,,,,,,,,,,,,,,,,,,,,,,,,,,,,,,,,,,,,,,,,,,,,,,,,,,,,,,,,,,,,,,,,,,,,,,,,,,,,,,,,,,,,,,,,,,,,,
Maratha Sahakari Bank Ltd.,,,,,,,,,,,,,,,,,,,,,,,,,,,,,,,,,,,,,,,,,,,,,,,,,,,,,,,,,,,,,,,,,,,,,,,,,,,,,,,,,,,,,,,,,,,,,,,,,,,,,,,,,,,,,,,,,,,,,,,,,,,,,,,,,,,,,,,,,,,,,,,,,,,,,,,,,,,,,,,,,,,,,,,,,,,,,,,,,,,,,,,,,,,,,,,,,,,,,,,,,,,,,,,,,,
Mashreqbank P S C,,,,,,,,,,,,,,,,,,,,,,,,,,,,,,,,,,,,,,,,,,,,,,,,,,,,,,,,,,,,,,,,,,,,,,,,,,,,,,,,,,,,,,,,,,,,,,,,,,,,,,,,,,,,,,,,,,,,,,,,,,,,,,,,,,,,,,,,,,,,,,,,,,,,,,,,,,,,,,,,,,,,,,,,,,,,,,,,,,,,,,,,,,,,,,,,,,,,,,,,,,,,,,,,,,
Memon Co-Op. Bank Ltd.,,,,,,,,,,,,,,,,,,,,,,,,,,,,,,,,,,,,,,,,,,,,,,,,,,,,,,,,,,,,,,,,,,,,,,,,,,,,,,,,,,,,,,,,,,,,,,,,,,,,,,,,,,,,,,,,,,,,,,,,,,,,,,,,,,,,,,,,,,,,,,,,,,,,,,,,,,,,,,,,,,,,,,,,,,,,,,,,,,,,,,,,,,,,,,,,,,,,,,,,,,,,,,,,,,
Mizuho Bank Ltd.,,,,,,,,,,,,,,,,,,,,,,,,,,,,,,,,,,,,,,,,,,,,,,,,,,,,,,,,,,,,,,,,,,,,,,,,,,,,,,,,,,,,,,,,,,,,,,,,,,,,,,,,,,,,,,,,,,,,,,,,,,,,,,,,,,,,,,,,,,,,,,,,,,,,,,,,,,,,,,,,,,,,,,,,,,,,,,,,,,,,,,,,,,,,,,,,,,,,,,,,,,,,,,,,,,
Model Co-Op. Bank Ltd.,,,,,,,,,,,,,,,,,,,,,,,,,,,,,,,,,,,,,,,,,,,,,,,,,,,,,,,,,,,,,,,,,,,,,,,,,,,,,,,,,,,,,,,,,,,,,,,,,,,,,,,,,,,,,,,,,,,,,,,,,,,,,,,,,,,,,,,,,,,,,,,,,,,,,,,,,,,,,,,,,,,,,,,,,,,,,,,,,,,,,,,,,,,,,,,,,,,,,,,,,,,,,,,,,,
Mogaveera Co-Op. Bank Ltd.,,,,,,,,,,,,,,,,,,,,,,,,,,,,,,,,,,,,,,,,,,,,,,,,,,,,,,,,,,,,,,,,,,,,,,,,,,,,,,,,,,,,,,,,,,,,,,,,,,,,,,,,,,,,,,,,,,,,,,,,,,,,,,,,,,,,,,,,,,,,,,,,,,,,,,,,,,,,,,,,,,,,,,,,,,,,,,,,,,,,,,,,,,,,,,,,,,,,,,,,,,,,,,,,,,
Morgan Guaranty Trust Co. Of New York [Merged],,,,,,,,,,,,,,,,,,,,,,,,,,,,,,,,,,,,,,,,,,,,,,,,,,,,,,,,,,,,,,,,,,,,,,,,,,,,,,,,,,,,,,,,,,,,,,,,,,,,,,,,,,,,,,,,,,,,,,,,,,,,,,,,,,,,,,,,,,,,,,,,,,,,,,,,,,,,,,,,,,,,,,,,,,,,,,,,,,,,,,,,,,,,,,,,,,,,,,,,,,,,,,,,,,
Mumbai District Central Co-Op. Bank Ltd.,,,,,,,,,,,,,,,,,,,,,,,,,,,,,,,,,,,,,,,,,,,,,,,,,,,,,,,,,,,,,,,,,,,,,,,,,,,,,,,,,,,,,,,,,,,,,,,,,,,,,,,,,,,,,,,,,,,,,,,,,,,,,,,,,,,,,,,,,,,,,,,,,,,,,,,,,,,,,,,,,,,,,,,,,,,,,,,,,,,,,,,,,,,,,,,,,,,,,,,,,,,,,,,,,,
N K G S B Co-Op. Bank Ltd.,,,,,,,,,,,,,,,,,,,,,,,,,,,,,,,,,,,,,,,,,,,,,,,,,,,,,,,,,,,,,,,,,,,,,,,,,,,,,,,,,,,,,,,,,,,,,,,,,,,,,,,,,,,,,,,,,,,,,,,,,,,,,,,,,,,,,,,,,,,,,,,,,,,,,,,,,,,,,,,,,,,,,,,,,,,,,,,,,,,,,,,,,,,,,,,,,,,,,,,,,,,,,,,,,,
N S D L Payments Bank Ltd.,,,,,,,,,,,,,,,,,,,,,,,,,,,,,,,,,,,,,,,,,,,,,,,,,,,,,,,,,,,,,,,,,,,,,,,,,,,,,,,,,,,,,,,,,,,,,,,,,,,,,,,,,,,,,,,,,,,,,,,,,,,,,,,,,,,,,,,,,,,,,,,,,,,,,,,,,,,,,,,,,,,,,,,,,,,,,,,,,,,,,,,,,,,,,,,,,,,,,,,,,,,,,,,,,,
Nainital Bank Ltd.,,,,,,,,,,,,,,,,,,,,,,,,,,,,,,,,,,,,,,,,,,,,,,,,,,,,,,,,,,,,,,,,,,,,,,,,,,,,,,,,,,,,,,,,,,,,,,,,,,,,,,,,,,,,,,,,,,,,,,,,,,,,,,,,,,,,,,,,,,,,,,,,,,,,,,,,,,,,,,,,,,,,,,,,,,,,,,,,,,,,,,,,,,,,,,,,,,,,,,,,,,,,,,,,,,
Narmada Jhabua Gramin Bank,,,,,,,,,,,,,,,,,,,,,,,,,,,,,,,,,,,,,,,,,,,,,,,,,,,,,,,,,,,,,,,,,,,,,,,,,,,,,,,,,,,,,,,,,,,,,,,,,,,,,,,,,,,,,,,,,,,,,,,,,,,,,,,,,,,,,,,,,,,,,,,,,,,,,,,,,,,,,,,,,,,,,,,,,,,,,,,,,,,,,,,,,,,,,,,,,,,,,,,,,,,,,,,,,,
National Australia Bank Ltd.,,,,,,,,,,,,,,,,,,,,,,,,,,,,,,,,,,,,,,,,,,,,,,,,,,,,,,,,,,,,,,,,,,,,,,,,,,,,,,,,,,,,,,,,,,,,,,,,,,,,,,,,,,,,,,,,,,,,,,,,,,,,,,,,,,,,,,,,,,,,,,,,,,,,,,,,,,,,,,,,,,,,,,,,,,,,,,,,,,,,,,,,,,,,,,,,,,,,,,,,,,,,,,,,,,
National Bank Of Abu Dhabi,,,,,,,,,,,,,,,,,,,,,,,,,,,,,,,,,,,,,,,,,,,,,,,,,,,,,,,,,,,,,,,,,,,,,,,,,,,,,,,,,,,,,,,,,,,,,,,,,,,,,,,,,,,,,,,,,,,,,,,,,,,,,,,,,,,,,,,,,,,,,,,,,,,,,,,,,,,,,,,,,,,,,,,,,,,,,,,,,,,,,,,,,,,,,,,,,,,,,,,,,,4.65,15.5,,,,1.4,18.75,,
National Co-Op. Bank Ltd.,,,,,,,,,,,,,,,,,,,,,,,,,,,,,,,,,,,,,,,,,,,,,,,,,,,,,,,,,,,,,,,,,,,,,,,,,,,,,,,,,,,,,,,,,,,,,,,,,,,,,,,,,,,,,,,,,,,,,,,,,,,,,,,,,,,,,,,,,,,,,,,,,,,,,,,,,,,,,,,,,,,,,,,,,,,,,,,,,,,,,,,,,,,,,,,,,,,,,,,,,,,,,,,,,,
Natwest Markets P L C,,,,,,,,,,,,,,,,,,,,,,,,,,,,,,,,,,,,,,,,,,,,,,,,,,,,,,,,,,,,,,,,,,,,,,,,,,,,,,,,,,,,,,,,,,,,,,,,,,,,,,,,,,,,,,,,,,,,,,,,,,,,,,,183,120,99,99,,,63,,,,,63,2,,1.15,,100,,,0.63,1.03,,,0.51,,1.15,,,,,,,,115,,,,115,,0,,,,,,,,,,,,,,,,,,,,,,,,,,,,,1.21,,,,,,,,,,,,,,0.37,
Navanirman Co-Op. Urban Bank Ltd.,,,,,,,,,,,,,,,,,,,,,,,,,,,,,,,,,,,,,,,,,,,,,,,,,,,,,,,,,,,,,,,,,,,,,,,,,,,,,,,,,,,,,,,,,,,,,,,,,,,,,,,,,,,,,,,,,,,,,,,,,,,,,,,,,,,,,,,,,,,,,,,,,,,,,,,,,,,,,,,,,,,,,,,,,,,,,,,,,,,,,,,,,,,,,,,,,,,,,,,,,,,,,,,,,,
Nedungadi Bank Ltd. [Merged],,,,,,,,,,,,,,,,,,,,,,,,,,,,,,,,,,,,,,,,,,,,,,,,,,,,,,,,,,,,,,,,,,,,,,,,,,,,,,,,,,,,,,,,,,,,,,,,,,,,,,,,,,,,,,,,,,,,,,,,,,,,,,,,,,,,,,,,,,,,,,,,,,,,,,,,,,,,,,,,,,,,,,,,,,,,,,,,,,,,,,,,,,,,,,,,,,,,,,,,,,,,,,,,,,
New India Co-Op. Bank Ltd.,,,,,,,,,,,,,,,,,,,,,,,,,,,,,,,,,,,,,,,,,,,,,,,,,,,,,,,,,,,,,,,,,,,,,,,,,,,,,,,,,,,,,,,,,,,,,,,,,,,,,,,,,,,,,,,,,,,,,,,,,,,,,,,,,,,,,,,,,,,,,,,,,,,,,,,,,,,,,,,,,,,,,,,,,,,,,,,,,,,,,,,,,,,,,,,,,,,,,,,,,,,,,,,,,,
North East Small Finance Bank Ltd.,,,,,,,,,,,,,,,,,,,,,,,,,,,,,,,,,,,,,,,,,,,,,,,,,,,,,,,,,,,,,,,,,,,,,,,,,,,,,,,,,,,,,,,,,,,,,,,,,,,,,,,,,,,,,,,,,,,,,,,,,,,,,,,,,,,,,,,,,,,,,,,,,,,,,,,,,,,,,,,,,,,,,,,,,,,,,,,,,,,,,,,,,,,,,,,,,,,,,,,,,,,,,,,,,,
Oriental Bank Of Commerce [Merged],,,,,,,,,,,,,,,,,,,,,,,,,,,,,,,,,,,,,,,,,,,,,,,,,,,,,,,,,,,,,,,,,,,,,,,,,,,,,,,,,,,,,,,,,,,,,,,,,,,,,,,,,,,,,,,,,,,,,,,,,,,,,,,5617.86,3904.42,3.99,2.82,16.05,1278.04,1686.46,,,1252.49,,1712.01,,34.42,7568.37,4816.24,5.18,3.34,21.6,1712.01,1991.26,,,924.94,,2778.33,,85.85,14571.75,9932.15,9.57,6.7,89,2778.33,3649.15,,,1667.6,,4759.88,,148.75,20083.89,14117.83,13.73,8.96,313,4759.88,6284.21,,,2308.32,,8735.77,,1026.07,26133.64,14282.86,17.63,10.48,235.45,8735.77,9498.08,,,6480.27,,11753.58,,1251.97,20535.35,9439.62,12.66,5.93,353,11777.7,6952.02,,,6585.22,,12144.5,,1121.51
Oversea-Chinese Banking Corpn. Ltd.,,,,,,,,,,,,,,,,,,,,,,,,,,,,,,,,,,,,,,,,,,,,,,,,,,,,,,,,,,,,,,,,,,,,,,,,,,,,,,,,,,,,,,,,,,,,,,,,,,,,,,,,,,,,,,,,,,,,,,,,,,,,,,,,,,,,,,,,,,,,,,,,,,,,,,,,,,,,,,,,,,,,,,,,,,,,,,,,,,,,,,,,,,,,,,,,,,,,,,,,,,,,,,,,,,
Patan Co-Operative Bank Ltd.,,,,,,,,,,,,,,,,,,,,,,,,,,,,,,,,,,,,,,,,,,,,,,,,,,,,,,,,,,,,,,,,,,,,,,,,,,,,,,,,,,,,,,,,,,,,,,,,,,,,,,,,,,,,,,,,,,,,,,,,,,,,,,,,,,,,,,,,,,,,,,,,,,,,,,,,,,,,,,,,,,,,,,,,,,,,,,,,,,,,,,,,,,,,,,,,,,,,,,,,,,,,,,,,,,
Paytm Payments Bank Ltd.,,,,,,,,,,,,,,,,,,,,,,,,,,,,,,,,,,,,,,,,,,,,,,,,,,,,,,,,,,,,,,,,,,,,,,,,,,,,,,,,,,,,,,,,,,,,,,,,,,,,,,,,,,,,,,,,,,,,,,,,,,,,,,,,,,,,,,,,,,,,,,,,,,,,,,,,,,,,,,,,,,,,,,,,,,,,,,,,,,,,,,,,,,,,,,,,,,,,,,,,,,,,,,,,,,
Pinakini Grameena Bank,,,,,,,,,,,,,,,,,,,,,,,,,,,,,,,,,,,,,,,,,,,,,,,,,,,,,,,,,,,,,,,,,,,,,,,,,,,,,,,,,,,,,,,,,,,,,,,,,,,,,,,,,,,,,,,,,,,,,,,,,,,,,,,,,,,,,,,,,,,,,,,,,,,,,,,,,,,,,,,,,,,,,,,,,,,,,,,,,,,,,,,,,,,,,,,,,,,,,,,,,,,,,,,,,,
Progressive Co-Op. Bank Ltd.,,,,,,,,,,,,,,,,,,,,,,,,,,,,,,,,,,,,,,,,,,,,,,,,,,,,,,,,,,,,,,,,,,,,,,,,,,,,,,,,,,,,,,,,,,,,,,,,,,,,,,,,,,,,,,,,,,,,,,,,,,,,,,,,,,,,,,,,,,,,,,,,,,,,,,,,,,,,,,,,,,,,,,,,,,,,,,,,,,,,,,,,,,,,,,,,,,,,,,,,,,,,,,,,,,
Pt Bank Maybank Indonesia T B K,,,,,,,,,,,,,,,,,,,,,,,,,,,,,,,,,,,,,,,,,,,,,,,,,,,,,,,,,,,,,,,,,,,,,,,,,,,,,,,,,,,,,,,,,,,,,,,,,,,,,,,,,,,,,,,,,,,,,,,,,,,,,,,,,,,,,,,,,,,,,,,,,,,,,,,,,,,,,,,,,,,,,,,,,,,,,,,,,,,,,,,,,,,,,,,,,,,,,,,,,,,,,,,,,,
Punjab & Maharashtra Co-Op. Bank Ltd. [Merged],,,,,,,,,,,,,,,,,,,,,,,,,,,,,,,,,,,,,,,,,,,,,,,,,,,,,,,,,,,,,,,,,,,,,,,,,,,,,,,,,,,,,,,,,,,,,,,,,,,,,,,,,,,,,,,,,,,,,,,,,,,,,,,,,,,,,,,,,,,,,,,,,,,,,,,,,,,,,,,,,,,,,,,,,,,,,,,,,,,,,,,,,,,,,,,,,,,,,,,,,,,,,,,,,,
Punjab & Sind Bank,,,,,,,,,,,,,,,,,,,,,,,,,,,,,,,,,,,,,,,,,,,,,,,,,,,,,,,,,,,,,,,,,,,,,,,,,,,,,,,,,,,,,,,,,,,,,,,,,,,,,,,,,,,,,,,,,,,,,,,,,,,,,,,,,,,,,,,,,,,,,,,,,,,,,,,,,,,,,,,,,,,,,,,,,,,,,,,,,,,,,,,,,,,,,,,,,,,,,,,,,,,,,,,,,,
Punjab National Bank,,,,,,,,,,,,,,,,,,,,,,,,,,,,,,,,,,,,,,,,,,,,,,,,,,,,,,,,,,,,,,,,,,,,,,,,,,,,,,,,,,,,,,,,,,,,,,,,,,,55370.45,32702.1,12.53,7.81,591.23,,,,,,,,,727.9,86620.05,48684.29,18.38,11.24,1934.33,339.05,407.82,,,,,746.87,,2278.32,78472.69,30037.66,15.5,6.56,1918.04,37611.82,30976.49,,,12253.27,8215.23,48119.81,,2084.85,,,,,,,,,,,,,,,,,14.12,5.73,,,,,,,,,,,,,11.78,4.8,,,,,,,,,,,,,8.74,2.72,,,,,,,,,,,,,5.73,0.73,,,,,,,,,,
R B L Bank Ltd.,,,,,,,,,,,,,,,,,,,,,,,,,,,,,,,,,,,,,,,,,,,,,,,,,,,,,,,,,77.75,30.5,0.79,0.31,,19.02,33.05,,,4.82,,47.25,,,111.23,38.6,0.77,0.27,,47.25,32.02,,,6.63,,72.64,,,208.05,124.44,0.98,0.59,,72.64,81.39,,,72.84,2.42,78.77,,,356.84,189.94,1.2,0.64,13.62,83.61,241.26,,,68.68,89.29,166.9,,28.36,566.72,312.56,1.4,0.78,,166.9,286.29,,,159.03,39.99,254.17,5.17,,,,,,,,,,,,,,,,,,,,,,,,,,,,,,2601.52,,4.34,2.12,23.84,947.15,2304.88,,,1675.02,216.83,1360.18,,33.58,2728.4,,4.4,1.34,16.01,1360.18,3322.15,,,2293.85,470.28,1918.2,,16.01,2419.85,,3.37,1.1,36.66,1918.21,1911.43,,,1758.43,441.47,1629.74,,16.01,2270.99,616.3,2.65,0.74,,1629.74,2058.19,,,1720.01,332.27,1635.65,,40.08
R S Co-Operative Bank Ltd.,,,,,,,,,,,,,,,,,,,,,,,,,,,,,,,,,,,,,,,,,,,,,,,,,,,,,,,,,,,,,,,,,,,,,,,,,,,,,,,,,,,,,,,,,,,,,,,,,,,,,,,,,,,,,,,,,,,,,,,,,,,,,,,,,,,,,,,,,,,,,,,,,,,,,,,,,,,,,,,,,,,,,,,,,,,,,,,,,,,,,,,,,,,,,,,,,,,,,,,,,,,,,,,,,,
Raghuvanshi Co-Op. Bank Ltd.,,,,,,,,,,,,,,,,,,,,,,,,,,,,,,,,,,,,,,,,,,,,,,,,,,,,,,,,,,,,,,,,,,,,,,,,,,,,,,,,,,,,,,,,,,,,,,,,,,,,,,,,,,,,,,,,,,,,,,,,,,,,,,,,,,,,,,,,,,,,,,,,,,,,,,,,,,,,,,,,,,,,,,,,,,,,,,,,,,,,,,,,,,,,,,,,,,,,,,,,,,,,,,,,,,
Royal Bank Of Scotland N V,,,,,,,,,,,,,,,,,,,,,,,,,,,,,,,,,,,,,,,,,,,,,,,,,,,,,,,,,,,,,,,,,,,,,,,,,,,,,,,,,,,,,,,,,,,,,,,,,,,,,,,,,,,,,,,,,,,,,,,,,,,,,,,,,,,,,,,,,,,,,,,,,,,,,,,,,,,279,37,2.19,0.29,,253,61,,,71,,243,,,114,-6,1.01,-0.05,,243,1,,,125,,119,,,82,6,0.73,0.05,,119,3,,,46,,76,,,,,,,,76,,,,0.76,,75.24,,
S B E R Bank,,,,,,,,,,,,,,,,,,,,,,,,,,,,,,,,,,,,,,,,,,,,,,,,,,,,,,,,,,,,,,,,,,,,,,,,,,,,,,,,,,,,,,17,,,,,,,,,,,,,,41.37,,,,,,,,,,,,,,,,,,,,,,,,,,,,66.16,,,,,,,,,,,,,,,,,,,,,,,,,,,,,,,,,,,,,,,,,91.85,91.85,75.44,,,,,,,,,,,,,,93.07,,,,,,,,,,,,,,81.41,,,,,,,,,,,
S B I Commercial & Intl. Bank Ltd. [Merged],,,,,,,,,,,,,,,,,,,,,,,,,,,,,,,,,,,,,,,,,,,,,,,,,,,,,,,,,,,,,,,,,,,,,,,,,,,,,,,,,,,,,,,,,,,,,,,,,,,,,,,,,,,,,,,,,,,,,,,,,,,,,,,,,,,,,,,,,,,,,,,,,,,,,,,,,,,,,,,,,,,,,,,,,,,,,,,,,,,,,,,,,,,,,,,,,,,,,,,,,,,,,,,,,,
S B M Bank (India) Ltd.,,,,,,,,,,,,,,,,,,,,,,,,,,,,,,,,,,,,,,,,,,,,,,,,,,,,,,,,,,,,,,,,,,,,,,,,,,,,,,,,,,,,,,,,,,,,,,,,,,,,,,,,,,,,,,,,,,,,,,,,,,,,,,,,,,,,,,,,,,,,,,50.67,22.17,8.81,,,100.74,,,2.11,,98.63,,,115.6,36.8,8.59,2.9,,6.7,,,,1.1,,5.6,55,,101,26.2,2.97,0.9,,5.6,9.7,,,,,15.3,0.7,,93.2,17.1,2.1,0.39,2.9,77.5,44.9,,,24.5,,97.9,9.4,2.9,97.5,16.6,1.98,0.34,0.7,97.9,13.8,,,,5.1,106.6,16.5,0.7
S B M Bank (Mauritius) Ltd.,,,,,,,,,,,,,,,,,,,,,,,,,,,,,,,,,,,,,,,,,,,,,,,,,,,,,,,,,,,,,,,,,,,,,,,,,,,,,,,,,,,,,,,,,,,,,,,,,,,,,,,,,,,,,,,,,,,,,,,,,,,,,,,,,,,,,,,,,,,,,,,,,,,,,,,,,,,,48.66,11.5,7.36,,28.01,15.6,,,17.35,,26.26,,,,31.07,10.76,4.95,,26.26,16.83,,,6.89,,36.2,,,,43.3,16.12,5.92,,41.21,54.7,,,7.07,88.84,0,,,,10.73,15.06,1.06,,88.84,135.83,,,57.07,167.6,0,,
S V C Co-Operative Bank Ltd.,,,,,,,,,,,,,,,,,,,,,,,,,,,,,,,,,,,,,,,,,,,,,,,,,,,,,,,,,,,,,,,,,,,,,,,,,,,,,,,,,,,,,,,,,,,,,,,,,,,,,,,,,,,,,,,,,,,,,,,,,,,,,,,,,,,,,,,,,,,,,,,,,,,,,,,,,,,,,,,,,,,,,,,,,,,,,,,,,,,,,,,,,,,,,,,,,,,,,,,,,,,,,,,,,,
Sakura Bank Ltd. [Merged],,,,,,,,,,,,,,,,,,,,,,,,,,,,,,,,,,,,,,,,,,,,,,,,,,,,,,,,,,,,,,,,,,,,,,,,,,,,,,,,,,,,,,,,,,,,,,,,,,,,,,,,,,,,,,,,,,,,,,,,,,,,,,,,,,,,,,,,,,,,,,,,,,,,,,,,,,,,,,,,,,,,,,,,,,,,,,,,,,,,,,,,,,,,,,,,,,,,,,,,,,,,,,,,,,
Samasta Nagar Co-Op. Bank Ltd.,,,,,,,,,,,,,,,,,,,,,,,,,,,,,,,,,,,,,,,,,,,,,,,,,,,,,,,,,,,,,,,,,,,,,,,,,,,,,,,,,,,,,,,,,,,,,,,,,,,,,,,,,,,,,,,,,,,,,,,,,,,,,,,,,,,,,,,,,,,,,,,,,,,,,,,,,,,,,,,,,,,,,,,,,,,,,,,,,,,,,,,,,,,,,,,,,,,,,,,,,,,,,,,,,,
Sangli Bank Ltd. [Merged],,,,,,,,,,,,,,,,,,,,,,,,,,,,,,,,,,,,,,,,,,,,,,,,,,,,,,,,,,,,,,,,,,,,,,,,,,,,,,,,,,,,,,,,,,,,,,,,,,,,,,,,,,,,,,,,,,,,,,,,,,,,,,,,,,,,,,,,,,,,,,,,,,,,,,,,,,,,,,,,,,,,,,,,,,,,,,,,,,,,,,,,,,,,,,,,,,,,,,,,,,,,,,,,,,
Santhal Parganas Gramin Bank,,,,,,,,,,,,,,,,,,,,,,,,,,,,,,,,,,,,,,,,,,,,,,,,,,,,,,,,,,,,,,,,,,,,,,,,,,,,,,,,,,,,,,,,,,,,,,,,,,,,,,,,,,,,,,,,,,,,,,,,,,,,,,,,,,,,,,,,,,,,,,,,,,,,,,,,,,,,,,,,,,,,,,,,,,,,,,,,,,,,,,,,,,,,,,,,,,,,,,,,,,,,,,,,,,
Saptagiri Grameena Bank,,,,,,,,,,,,,,,,,,,,,,,,,,,,,,,,,,,,,,,,,,,,,,,,,,,,,,,,,,,,,,,,,,,,,,,,,,,,,,,,,,,,,,,,,,,,,,,,,,,,,,,,,,,,,,,,,,,,,,,,,,,,,,,,,,,,,,,,,,,,,,,,,,,,,,,,,,,,,,,,,,,,,,,,,,,,,,,,,,,,,,,,,,,,,,,,,,,,,,,,,,,,,,,,,,
Saraswat Co-Operative Bank Ltd.,,,,,,,,,,,,,,,,,,,,,,,,,,,,,,,,,,,,,,,,,,,,,,,,,,,,,,,,,,,,,,,,,,,,,,,,,,,,,,,,,,,,,,,,,,,,,,,,,,,,,,,,,,,,,,,,,,,,,,,,,,,,,,,,,,,,,,,,,,,,,,,,,,,,,,,,,,,,,,,,,,,,,,,,,,,,,,,,,,,,,,,,,,,,,,,,,,,,,,,,,,,,,,,,,,
Sarva U P Gramin Bank,,,,,,,,,,,,,,,,,,,,,,,,,,,,,,,,,,,,,,,,,,,,,,,,,,,,,,,,,,,,,,,,,,,,,,,,,,,,,,,,,,,,,,,,,,,,,,,,,,,,,,,,,,,,,,,,,,,,,,,,,,,,,,,,,,,,,,,,,,,,,,,,,,,,,,,,,,,,,,,,,,,,,,,,,,,,,,,,,,,,,,,,,,,,,,,,,,,,,,,,,,,,,,,,,,
Satara Sahakari Bank Ltd.,,,,,,,,,,,,,,,,,,,,,,,,,,,,,,,,,,,,,,,,,,,,,,,,,,,,,,,,,,,,,,,,,,,,,,,,,,,,,,,,,,,,,,,,,,,,,,,,,,,,,,,,,,,,,,,,,,,,,,,,,,,,,,,,,,,,,,,,,,,,,,,,,,,,,,,,,,,,,,,,,,,,,,,,,,,,,,,,,,,,,,,,,,,,,,,,,,,,,,,,,,,,,,,,,,
Saurashtra Gramin Bank,,,,,,,,,,,,,,,,,,,,,,,,,,,,,,,,,,,,,,,,,,,,,,,,,,,,,,,,,,,,,,,,,,,,,,,,,,,,,,,,,,,,,,,,,,,,,,,,,,,,,,,,,,,,,,,,,,,,,,,,,,,,,,,,,,,,,,,,,,,,,,,,,,,,,,,,,,,,,,,,,,,,,,,,,,,,,,,,,,,,,,,,,,,,,,,,,,,,,,,,,,,,,,,,,,
Scotia Bank,,,,,,,,,,,,,,,,,,,,,,,,,,,,,,,,,,,,,,,,,,,,,,,,,,,,,,,,,,,,,,,,,,,,,,,,,,,,,,,,,,,,,,,,,,,,,,,,,,,,,,,,,,,,,,,,,,,,,,,,,,,,,,,,,,,,,,,,,,,,,,,,,,,,,,,,,,,,,,,,,,,,,,,,,,,,,,,,,,,,,,,,,,,,,,,,,,,,,,,,,,,,,,,,,,
Shalini Sahakari Bank Ltd.,,,,,,,,,,,,,,,,,,,,,,,,,,,,,,,,,,,,,,,,,,,,,,,,,,,,,,,,,,,,,,,,,,,,,,,,,,,,,,,,,,,,,,,,,,,,,,,,,,,,,,,,,,,,,,,,,,,,,,,,,,,,,,,,,,,,,,,,,,,,,,,,,,,,,,,,,,,,,,,,,,,,,,,,,,,,,,,,,,,,,,,,,,,,,,,,,,,,,,,,,,,,,,,,,,
Shinhan Bank,,,,,,,,,,,,,,,,,,,,,,,,,,,,,,,,,,,,,,,,,,,,,,,,,,,,,,,,,,,,,,,,,,,,,,,,,,,,,,,,,,,,,,,,,,,,,,,,,,,,,,,,,,,,,,,,,,,,,,,,,,,,,,,,,,,,,,,,,,,,,,,,,,,5.79,,,,,5.79,,,,,,,,,,,,,,,,,,,,,,,,,,,,,,,,,1.46,1.26,,,,,,15,,-15,,,,,1.36,,,15,,,,85.01,,-70.01,,
Shivalik Mercantile Co-Op. Bank Ltd.,,,,,,,,,,,,,,,,,,,,,,,,,,,,,,,,,,,,,,,,,,,,,,,,,,,,,,,,,,,,,,,,,,,,,,,,,,,,,,,,,,,,,,,,,,,,,,,,,,,,,,,,,,,,,,,,,,,,,,,,,,,,,,,,,,,,,,,,,,,,,,,,,,,,,,,,,,,,,,,,,,,,,,,,,,,,,,,,,,,,,,,,,,,,,,,,,,,,,,,,,,,,,,,,,,
Shivalik Small Finance Bank Ltd.,,,,,,,,,,,,,,,,,,,,,,,,,,,,,,,,,,,,,,,,,,,,,,,,,,,,,,,,,,,,,,,,,,,,,,,,,,,,,,,,,,,,,,,,,,,,,,,,,,,,,,,,,,,,,,,,,,,,,,,,,,,,,,,,,,,,,,,,,,,,,,,,,,,,,,,,,,,,,,,,,,,,,,,,,,,,,,,,,,,,,,,39.71,14.77,2.89,1.31,,16.34,2.12,,,,,18.46,,,32.51,16.3,2.3,1.16,,17.74,3.71,,,,5.02,16.43,,
Shree Suvarna Sahakari Bank Ltd.,,,,,,,,,,,,,,,,,,,,,,,,,,,,,,,,,,,,,,,,,,,,,,,,,,,,,,,,,,,,,,,,,,,,,,,,,,,,,,,,,,,,,,,,,,,,,,,,,,,,,,,,,,,,,,,,,,,,,,,,,,,,,,,,,,,,,,,,,,,,,,,,,,,,,,,,,,,,,,,,,,,,,,,,,,,,,,,,,,,,,,,,,,,,,,,,,,,,,,,,,,,,,,,,,,
Shreeji Bhatia Co-Op. Bank Ltd.,,,,,,,,,,,,,,,,,,,,,,,,,,,,,,,,,,,,,,,,,,,,,,,,,,,,,,,,,,,,,,,,,,,,,,,,,,,,,,,,,,,,,,,,,,,,,,,,,,,,,,,,,,,,,,,,,,,,,,,,,,,,,,,,,,,,,,,,,,,,,,,,,,,,,,,,,,,,,,,,,,,,,,,,,,,,,,,,,,,,,,,,,,,,,,,,,,,,,,,,,,,,,,,,,,
Shri Arihant Co-Op. Bank Ltd.,,,,,,,,,,,,,,,,,,,,,,,,,,,,,,,,,,,,,,,,,,,,,,,,,,,,,,,,,,,,,,,,,,,,,,,,,,,,,,,,,,,,,,,,,,,,,,,,,,,,,,,,,,,,,,,,,,,,,,,,,,,,,,,,,,,,,,,,,,,,,,,,,,,,,,,,,,,,,,,,,,,,,,,,,,,,,,,,,,,,,,,,,,,,,,,,,,,,,,,,,,,,,,,,,,
Siam Commercial Bank,,,,,,,,,,,,,,,,,,,,,,,,,,,,,,,,,,,,,,,,,,,,,,,,,,,,,,,,,,,,,,,,,,,,,,,,,,,,,,,,,,,,,,,,,,,,,,,,,,,,,,,,,,,,,,,,,,,,,,,,,,,,,,,,,,,,,,,,,,,,,,,,,,,,,,,,,,,,,,,,,,,,,,,,,,,,,,,,,,,,,,,,,,,,,,,,,,,,,,,,,,,,,,,,,,
Societe Generale,,,,,,,,,,,,,,,,,,,,,,,,,,,,,,,,,,,,,,,,,,,,,,,,,,,,,,,,,,,,,,,,,,,,,,,,,0.02,,,0.74,,,,,0.31,0.43,,,,,,,,0.43,,,,,0.43,0,,,,,,,,,,,,,,,,,,,,,,,,,,,,,,,,,2.56,1.93,,,17.5,,,,,17.5,,,,,9.32,3.04,13.18,17.5,85.97,,,,,103.47,,29.72,,,4.77,,10.38,103.47,,,,24.55,,78.92,,26.77,,,6.17,,,78.92,,,,,,78.92,,,,,5.34,,,,,,,,,,,,,,5.82,,,,,,,,,,,
Solapur District Central Co-Op. Bank Ltd.,,,,,,,,,,,,,,,,,,,,,,,,,,,,,,,,,,,,,,,,,,,,,,,,,,,,,,,,,,,,,,,,,,,,,,,,,,,,,,,,,,,,,,,,,,,,,,,,,,,,,,,,,,,,,,,,,,,,,,,,,,,,,,,,,,,,,,,,,,,,,,,,,,,,,,,,,,,,,,,,,,,,,,,,,,,,,,,,,,,,,,,,,,,,,,,,,,,,,,,,,,,,,,,,,,
Sonali Bank,,,,,,,,,,,,,,,,,,,,,,,,,,,,,,,,,,,,,,,,,,,,,,,,,,,,,,,,,,,,,,,,,,,,,,,,,,,,,,,,,,,,,,,,,,,,,,,,,,,,,,,,,,,,,,,,,,,,,,,,,,,,,,,,,,,,,,,,,,,,,,,,,,,,,,,,,,,,,,,,,,,,,,,,,,,,,,,,,,,,,,,,,,,,,,,,,,,,,,,,,,,,,,,,,,
South Gujarat Local Area Bank Ltd. [Merged],,,,,,,,,,,,,,,,,,,,,,,,,,,,,,,,,,,,,,,,,,,,,,,,,,,,,,,,,,,,,,,,,,,,,,,,,,,,,,,,,,,,,,,,,,,,,,,,,,,,,,,,,,,,,,,,,,,,,,,,,,,,,,,,,,,,,,,,,,,,,,,,,,,,,,,,,,,,,,,,,,,,,,,,,,,,,,,,,,,,,,,,,,,,,,,,,,,,,,,,,,,,,,,,,,
South Indian Bank Ltd.,,,,,,,,,,,,,,,,,,,,,,,,,,,,,,,,,,,,,,,,,,,,,,,,,,,,,,,,,432.64,281.68,1.19,0.78,12.85,164.22,210.75,,,245.7,,129.27,,36.29,643.45,360.15,1.71,0.96,10.88,131.9,236.39,,,108.53,,259.76,,12.19,1562.36,1185.26,3.77,2.89,24.29,259.76,438.64,,,343.79,,354.61,,38.45,1149.01,674.56,2.45,1.45,52.01,,,,,,,,,95.25,1980.3,1415.8,3.59,2.6,44.87,,,,,,,,,45.41,3131.68,2163.62,4.92,3.45,48.28,,,,,,,,,65.41,3261.77,2150.78,4.98,3.34,83.2,,,,,,,,,122.06,4143.24,2734.52,6.97,4.71,224.56,,,,,,,,,267.75,3648.1,1777.77,5.9,2.97,,1361.33,1586.68,,,1127.44,,1820.57,705.57,218.35,3708.26,1293.61,5.14,1.86,52.43,1820.57,1222.18,,,756.87,,2285.88,351.95,52.43,3620.34,1134.58,4.5,1.46,42.57,2285.87,1000.02,,,921.97,,2363.92,179.33,43.87
South Indian Co-Op. Bank Ltd.,,,,,,,,,,,,,,,,,,,,,,,,,,,,,,,,,,,,,,,,,,,,,,,,,,,,,,,,,,,,,,,,,,,,,,,,,,,,,,,,,,,,,,,,,,,,,,,,,,,,,,,,,,,,,,,,,,,,,,,,,,,,,,,,,,,,,,,,,,,,,,,,,,,,,,,,,,,,,,,,,,,,,,,,,,,,,,,,,,,,,,,,,,,,,,,,,,,,,,,,,,,,,,,,,,
Sree Narayana Guru Co-Op. Bank Ltd.,,,,,,,,,,,,,,,,,,,,,,,,,,,,,,,,,,,,,,,,,,,,,,,,,,,,,,,,,,,,,,,,,,,,,,,,,,,,,,,,,,,,,,,,,,,,,,,,,,,,,,,,,,,,,,,,,,,,,,,,,,,,,,,,,,,,,,,,,,,,,,,,,,,,,,,,,,,,,,,,,,,,,,,,,,,,,,,,,,,,,,,,,,,,,,,,,,,,,,,,,,,,,,,,,,
Srinivasaperumal Bank Ltd.,,,,,,,,,,,,,,,,,,,,,,,,,,,,,,,,,,,,,,,,,,,,,,,,,,,,,,,,,,,,,,,,,,,,,,,,,,,,,,,,,,,,,,,,,,,,,,,,,,,,,,,,,,,,,,,,,,,,,,,,,,,,,,,,,,,,,,,,,,,,,,,,,,,,,,,,,,,,,,,,,,,,,,,,,,,,,,,,,,,,,,,,,,,,,,,,,,,,,,,,,,,,,,,,,,
Standard Chartered Bank - India Branches,,,,,,,,,,,,,,,,,,,,,,,,,,,,,,,,,,,,,,,,,,,,,,,,,,,,,,,,,3880.06,1009.82,5.98,1.63,,2825.35,886.94,,,842.04,,2870.25,,,5782.64,306.35,7.82,0.45,173.83,2870.25,3212.28,,,606.23,,5476.3,,,6656.39,230.64,8.9,0.34,191.14,5476.3,1703.41,,,185.39,568.58,6425.74,,,10835.54,714.79,14.14,1.07,220.33,6425.74,4571.54,,,188.63,687.9,10120.75,67.83,,8032.66,121.36,10.49,0.18,389.17,10120.75,2302.43,,,2813.3,1698.59,7911.29,64.59,,8441.11,373.85,11.69,0.58,696.56,7911.3,3863.95,,,604.39,3103.6,8067.26,74.26,,6690.78,259.84,9.13,0.39,685.54,8067.26,1346.1,,,2308.7,673.71,6430.95,67.12,,5151.23,608.91,6.38,0.8,587.53,6430.94,1766.08,,,3013.16,641.54,4542.32,32.63,,4673.72,531.96,6.15,0.74,312.38,6416.93,3945.27,,,1694.48,2529.17,6138.55,117.54,,3886.36,397.91,5.07,0.54,157.8,5938.53,1744.13,,,1178.52,2093.87,4410.27,-75.04,,3232.79,375.18,3.64,0.44,104.87,4410.27,1300.05,,,415.95,1194.09,4100.28,42.2,
Standard Chartered Grindlays Bank Ltd. [Merged],,,,,,,,,,,,,,,,,,,,,,,,,,,,,,,,,,,,,,,,,,,,,,,,,,,,,,,,,,,,,,,,,,,,,,,,,,,,,,,,,,,,,,,,,,,,,,,,,,,,,,,,,,,,,,,,,,,,,,,,,,,,,,,,,,,,,,,,,,,,,,,,,,,,,,,,,,,,,,,,,,,,,,,,,,,,,,,,,,,,,,,,,,,,,,,,,,,,,,,,,,,,,,,,,,
State Bank Of Bikaner & Jaipur [Merged],,,,,,,,,,,,,,,,,,,,,,,,,,,,,,,,,,,,,,,,,,,,,,,,,,,,,,,,,,,,,,,,,,,,,,,,,,,,,,,,,,,,,,,,,,,,,,,,,,,,,,,,,,,,,,,,,,,,,,,,,,,,,,,,,,,,,,,,,,,,,,,,,,,,,,,,,,,,,,,,,,,,,,,,,2732.78,1770.85,4.18,2.76,4.89,816.21,534.73,,,389.02,,961.92,,4.89,2945.14,1769.17,4.14,2.54,,961.92,577.17,,,363.12,,1175.97,,,3602.76,2005.19,4.82,2.75,16.55,1175.97,1273.94,,,852.34,,1597.57,,13.43
State Bank Of Hyderabad [Merged],,,,,,,,,,,,,,,,,,,,,,,,,,,,,,,,,,,,,,,,,,,,,,,,,,,,,,,,,,,,,,,,,,,,,,,,,,,,,,,,,,,,,,,,,,,,,,,,,,,,,,,,,,,,,,,,,,,,,,,,,,,,,,,,,,,,,,,,,,,,,,,,,,,,,,,,,,,,,,,,,,,,,,,,,,,,,,,,,,,,,,,,,,,,,,,,,,,,,,,,,,,,,,,,,,
State Bank Of India,,,,,,,,,,,,,,,,,,,,,,,,,,,,,,,,,,,,,,,,,,,,,,,,,,,,,,,,,,,,,,,,,,,,,,,,,,,,,,,,,,,,,,,,,,,,,,,,,,,,,,,,,,,,,,,,,,,,,,,,,,,,,,,,,,,,,,,,,,,,,,,,,,,,,,,,,,,,,,,,,,,,,,,,,,,,,,,,,,,,,,,,,,,,,,,,,,,,,,,,,,,,,,,,,,
State Bank Of Indore [Merged],,,,,,,,,,,,,,,,,,,,,,,,,,,,,,,,,,,,,,,,,,,,,,,,,,,,,,,,,,,,,,,,,,,,,,,,,,,,,,,,,,,,,,,,,,,,,,,,,,,,,,,,,,,,,,,,,,,,,,,,,,,,,,,,,,,,,,,,,,,,,,,,,,,,,,,,,,,,,,,,,,,,,,,,,,,,,,,,,,,,,,,,,,,,,,,,,,,,,,,,,,,,,,,,,,
State Bank Of Mauritius Ltd.,,,,,,,,,,,,,,,,,,,,,,,,,,,,,,,,,,,,,,,,,,,,,,,,,,,,,,,,,,,,,,,,,,,,,,,,,,,,,,,,,,,,,,,,,,,,,,,,,,,,,,,,,,,,,,,,,,,,,,,,,,,,,,,,,,,,,,,,,,,,,,,,,,,,,,,,,,,,,,,,,,,,,,,,,,15.39,4.17,1.89,,13.96,6.65,,,,1.04,19.57,,,,68.83,16.61,11.93,,19.57,91.13,,,70.6,7.08,33.02,,,,48.66,11.5,7.36,,33.02,17.4,,,19.15,,31.27,,
State Bank Of Mysore [Merged],,,,,,,,,,,,,,,,,,,,,,,,,,,,,,,,,,,,,,,,,,,,,,,,,,,,,,,,,,,,,,,,,,,,,,,,,,,,,,,,,,,,,,,,,,,,,,,,,,,,,,,,,,,,,,,,,,,,,,,,,,,,,,,,,,,,,,,,,,,,,,,,,,,,,,,,,,,,,,,,,,,,,,,,,,,,,,,,,,,,,,,,,,,,,,,,,,,,,3635.56,2257.18,6.56,4.18,84.03,1014.84,948.92,,,585.38,,1378.38,,
State Bank Of Patiala [Merged],,,,,,,,,,,,,,,,,,,,,,,,,,,,,,,,,,,,,,,,,,,,,,,,,,,,,,,,,,,,,,,,,,,,,,,,,,,,,,,,,,,,,,,,,,,,,,,,,,,,,,,,,,,,,,,,,,,,,,,,,,,,,,,,,,,,,,,,,,,,,,,,,,,,,,,,,,,,,,,,,,,,,,,,,,,,,,,,,,,,,,,,,,,,,,,,,,,,,,,,,,,,,,,,,,
State Bank Of Saurashtra [Merged],,,,,,,,,,,,,,,,,,,,,,,,,,,,,,,,,,,,,,,,,,,,,,,,,,,,,,,,,,,,,,,,,,,,,,,,,,,,,,,,,,,,,,,,,,,,,,,,,,,,,,,,,,,,,,,,,,,,,,,,,,,,,,,,,,,,,,,,,,,,,,,,,,,,,,,,,,,,,,,,,,,,,,,,,,,,,,,,,,,,,,,,,,,,,,,,,,,,,,,,,,,,,,,,,,
State Bank Of Travancore [Merged],,,,,,,,,,,,,,,,,,,,,,,,,,,,,,,,,,,,,,,,,,,,,,,,,,,,,,,,,,,,,,,,,,,,,,,,,,,,,,,,,,,,,,,,,,,,,,,,,,,,,,,,,,,,,,,,,,,,,,,,,,,,,,,,,,,,,,,,,,,,,,,,,,,,,,,,,,,,,,,,,,,,,,,,,3076.94,1928.5,4.35,2.78,14.92,735.42,609.28,,,196.26,,1148.44,,14.92,3482,1398.66,3.37,2.04,26.34,1148.44,864.36,,,1054.41,,958.39,,28.86,3199.96,1813.67,4.78,2.77,47.15,958.39,1177.92,,,750.02,,1386.29,,61.21
State Transport Co-Op. Bank Ltd.,,,,,,,,,,,,,,,,,,,,,,,,,,,,,,,,,,,,,,,,,,,,,,,,,,,,,,,,,,,,,,,,,,,,,,,,,,,,,,,,,,,,,,,,,,,,,,,,,,,,,,,,,,,,,,,,,,,,,,,,,,,,,,,,,,,,,,,,,,,,,,,,,,,,,,,,,,,,,,,,,,,,,,,,,,,,,,,,,,,,,,,,,,,,,,,,,,,,,,,,,,,,,,,,,,
Subhadra Local Area Bank Ltd.,,,,,,,,,,,,,,,,,,,,,,,,,,,,,,,,,,,,,,,,,,,,,,,,,,,,,,,,,,,,,,,,,,,,,,,,,,,,,,,,,,,,,,,,,,,,,,,,,,,,,,,,,,,,,,,,,,,,,,,,,,,,,,,,,,,,,,,,,,,,,,,,,,,,,,,,,,,,,,,,,,,,,,,,,,,,,,,,,,,,,,,,,,,,,,,,,,,,,,,,,,,,,,,,,,
Sumitomo Bank Ltd. [Merged],,,,,,,,,,,,,,,,,,,,,,,,,,,,,,,,,,,,,,,,,,,,,,,,,,,,,,,,,,,,,,,,,,,,,,,,,,,,,,,,,,,,,,,,,,,,,,,,,,,,,,,,,,,,,,,,,,,,,,,,,,,,,,,,,,,,,,,,,,,,,,,,,,,,,,,,,,,,,,,,,,,,,,,,,,,,,,,,,,,,,,,,,,,,,,,,,,,,,,,,,,,,,,,,,,
Sumitomo Mitsui Banking Corpn.,,,,,,,,,,,,,,,,,,,,,,,,,,,,,,,,,,,,,,,,,,,,,,,,,,,,,,,,,,,,,,,,,,,,,,,,,,,,,,,,,,,,,,,,,,,,,,,,,,,,,,,,,,,,,,,,,,,,,,,,,,,,,,,,,,,,,,,,,,,,,,,,,,,,,,,,,,,,,,,,,,,,,,,,,,,,,,,,,,,,,,,,,,,,,,,,,,,,,,,,,,,,,,,,,,
Suryoday Small Finance Bank Ltd.,,,,,,,,,,,,,,,,,,,,,,,,,,,,,,,,,,,,,,,,,,,,,,,,,,,,,,,,,,,,,,,,,,,,,,,,,,,,,,,,,,,,,,,,,,,,,,,,,,,,,,,,,,,,,,,,,,,,,,,,,,,,,,,,,,,,,,,,,,,,,,,,,,,,,,,,,,,,,,,,,,,,,,,,,,,,,,,,,,,,,,,,,,,,,,,,,,,,,,,,,,,,,,,,,,
Syndicate Bank [Merged],,,,,,,,,,,,,,,,,,,,,,,,,,,,,,,,,,,,,,,,,,,,,,,,,,,,,,,,,,,,,,,,,,,,,,,,,,,,,,,,,,,,,,,,,,,,,,,,,,,,,,,,,,,,,,,,,,,,,,,,,,,,,,,,,,,,,,,,,,,,,6442.38,3843.65,3.13,1.9,218.2,1764.2,1961.54,,,1006.54,252.33,2466.87,,282.38,13832.16,9014.87,6.7,4.48,439.09,2466.88,3820.16,,,1344.26,272.34,4670.44,,389.21,17609.3,10410.9,8.5,5.21,614.78,6195.8,1225.2,,,307,64.3,7049.7,,570.59,25758.6,13239.46,11.53,6.28,1223.35,9533.73,3791.17,,,761.97,221.63,12341.3,,1383.48,24680.37,12627.73,11.37,6.16,1362.07,12341.3,5797.83,,,5743.86,582.23,11813.04,,819.58
T J S B Sahakari Bank Ltd.,,,,,,,,,,,,,,,,,,,,,,,,,,,,,,,,,,,,,,,,,,,,,,,,,,,,,,,,,,,,,,,,,,,,,,,,,,,,,,,,,,,,,,,,,,,,,,,,,,,,,,,,,,,,,,,,,,,,,,,,,,,,,,,,,,,,,,,,,,,,,,,,,,,,,,,,,,,,,,,,,,,,,,,,,,,,,,,,,,,,,,,,,,,,,,,,,,,,,,,,,,,,,,,,,,
Tamil Nadu State Apex Co-Op. Bank Ltd.,,,,,,,,,,,,,,,,,,,,,,,,,,,,,,,,,,,,,,,,,,,,,,,,,,,,,,,,,,,,,,,,,,,,,,,,,,,,,,,,,,,,,,,,,,,,,,,,,,,,,,,,,,,,,,,,,,,,,,,,,,,,,,,,,,,,,,,,,,,,,,,,,,,,,,,,,,,,,,,,,,,,,,,,,,,,,,,,,,,,,,,,,,,,,,,,,,,,,,,,,,,,,,,,,,
Tamilnad Mercantile Bank Ltd.,,,,,,,,,,,,,,,,,,,,,,,,,,,,,,,,,,,,,,,,,,,,,,,,,,,,,,,,,,,,,,,,,,,,,,,,,,,,,,,,,,,,,,,,,,,,,,,,,,,,,,,,,,,,,,,,,,,,,,,,,,,,,,,,,,,,,,,,,,,,,,,,,,,,,,,,,,,,,,,,,,,,,,,,,,,,,,,,,,,,,,,,,,,,,,,,,,,,,,,,,,,,,,,,,,
Times Bank Ltd. [Merged],,,,,,,,,,,,,,,,,,,,,,,,,,,,,,,,,,,,,,,,,,,,,,,,,,,,,,,,,,,,,,,,,,,,,,,,,,,,,,,,,,,,,,,,,,,,,,,,,,,,,,,,,,,,,,,,,,,,,,,,,,,,,,,,,,,,,,,,,,,,,,,,,,,,,,,,,,,,,,,,,,,,,,,,,,,,,,,,,,,,,,,,,,,,,,,,,,,,,,,,,,,,,,,,,,
Toronto-Dominion Bank,,,,,,,,,,,,,,,,,,,,,,,,,,,,,,,,,,,,,,,,,,,,,,,,,,,,,,,,,,,,,,,,,,,,,,,,,,,,,,,,,,,,,,,,,,,,,,,,,,,,,,,,,,,,,,,,,,,,,,,,,,,,,,,,,,,,,,,,,,,,,,,,,,,,,,,,,,,,,,,,,,,,,,,,,,,,,,,,,,,,,,,,,,,,,,,,,,,,,,,,,,,,,,,,,,
U B S Ag,,,,,,,,,,,,,,,,,,,,,,,,,,,,,,,,,,,,,,,,,,,,,,,,,,,,,,,,,,,,,,,,,,,,,,,,,,,,,,,,,,,,,,,,,,,,,,,,,,,,,,,,,,,,,,,,,,,,,,,,,,,,,,,,,,,,,,,,,,,,,,,,,,,,,,,,,,,,,,,,,,,,,,,,,,,,,,,,,,,,,,,,,,,,,,,,,,,,,,,,,,,,,,,,,,
U F J Bank Ltd.,,,,,,,,,,,,,,,,,,,,,,,,,,,,,,,,,,,,,,,,,,,,,,,,,,,,,,,,,,,,,,,,,,,,,,,,,,,,,,,,,,,,,,,,,,,,,,,,,,,,,,,,,,,,,,,,,,,,,,,,,,,,,,,,,,,,,,,,,,,,,,,,,,,,,,,,,,,,,,,,,,,,,,,,,,,,,,,,,,,,,,,,,,,,,,,,,,,,,,,,,,,,,,,,,,
Uco Bank,,,,,,,,,,,,,,,,,,,,,,,,,,,,,,,,,,,,,,,,,,,,,,,,,,,,,,,,,6621.37,3556.43,4.32,2.38,113.41,2816.42,1428.46,,,1423.44,,2821.44,,113.78,10265.05,6330.58,6.76,4.3,152.1,,,,,,,,,194.77,35847.45,11443.59,15.43,9.09,202.3,3257.13,6299.34,18.83,,1573.23,,8002.07,126.25,290.82,22540.95,10703.39,17.12,8.94,283.87,8002.07,4414.68,-27.19,,1936.94,,10452.62,154.11,309.21,30549.92,14082.07,24.64,13.1,506.2,10452.62,7357.53,15.17,,2734.71,,15090.61,181.56,577.12,19888.33,9649.92,25,9.72,799.76,15090.61,8294.92,,,4420.31,,18965.22,448.3,879.8,19281.95,5510.66,16.77,5.45,1078.53,18993.71,6178.73,,,12479.09,,12693.35,1002.97,1186.82,11351.97,4389.5,9.59,3.94,918.73,12693.35,2766.82,,,9410.39,,6049.78,986.4,933.39,10237.43,3315.78,7.89,2.7,969.89,6527.92,4243.85,,,3851.23,105.96,6844.02,1546.22,1061.72,7726.46,2018.02,4.78,1.29,1142.25,6844.02,1384.31,,,2574.77,30.11,5688.39,1624.4,1164.61,6462.31,1621.64,3.46,0.89,1377.84,6503.86,1289.06,,,1937.92,15.61,5850.61,1486.5,1377.84
Ujjivan Small Finance Bank Ltd.,,,,,,,,,,,,,,,,,,,,,,,,,,,,,,,,,,,,,,,,,,,,,,,,,,,,,,,,,,,,,,,,,,,,,,,,,,,,,,,,,,,,,,,,,,,,,,,,,,,,,,,,,,,,,,,,,,,,,,,,,,,,,,,,,,,,,,,,,,,,,,,,,,,,,,,,,,,,,,,,,,,,,,,,,,,,,,,,,,,,,,,,,,,,,,,,,,,,,,,,,,,,,,,,,,
Union Bank Of India,,,,,,,,,,,,,,,,,,,,,,,,,,,,,,,,,,,,,,,,,,,,,,,,,,,,,,,,,9164,5340,4.08,2.33,74.04,2960,2206,,,943,,4223,,218.86,13030.87,6918.97,4.96,2.71,115.04,4223.49,2756.16,,,867.75,,6111.9,,203.02,24170.89,14025.94,8.7,5.25,132.6,6111.9,4655.03,,,621.98,,10144.95,,244.19,33712.28,18832.1,11.17,6.57,502.51,10144.95,6031.99,,,1296.68,,14880.26,,2091.48,49369.93,49369.93,15.73,8.42,1845.57,14880.17,13499.84,,,3336.38,,25043.63,,2347.7,,,,,,,,,,,,,,,,,,,,,,,,,,,,,,,,,,,,,,,,,,,,,11.11,3.68,,,,,,,,,,,,,7.53,1.7,,,,,,,,,,,,,4.76,1.03,,,,,,,,,,
United Bank Of India [Merged],,,,,,,,,,,,,,,,,,,,,,,,,,,,,,,,,,,,,,,,,,,,,,,,,,,,,,,,,,,,,,,,,,,,,,,,,,,,,,,,,,,,,,,,,,,,,,,,,,,,,,,,,,,,,,,,,,,,,,,,,,,,,,,7118.01,4664.11,10.47,7.18,96.82,971.93,1908.68,,,,481.37,2399.24,,181.69,6552.91,4081.38,9.49,6.22,110.63,2399.24,792.12,,,760.68,,2430.68,,199.54,9471.01,6110.71,13.26,9.04,128.55,2430.68,1769.17,-198.68,,649.42,,3351.75,110,166.69,10752.62,6591.8,15.5,10,,3299.91,2011.42,-276.22,,713.71,,4321.4,,,16552.11,10316.3,24.1,16.49,505.44,4321.4,3945.97,-200.49,,,1865.31,6201.57,99.53,830.48,12053.38,5785.61,16.48,8.67,856.93,6201.57,5523.3,-191.27,,,5365.29,6168.31,342.27,915.98
United Overseas Bank - Mumbai Branch,,,,,,,,,,,,,,,,,,,,,,,,,,,,,,,,,,,,,,,,,,,,,,,,,,,,,,,,,,,,,,,,,,,,,,,,,,,,,,,,,,,,,,,,,,,,,,,,,,,,,,,,,,,,,,,,,,,,,,,,,,,,,,,,,,,,,,,,,,,,,,,,,,,,,,,,,,,,,,,,,,,,,,,,,,,,,,,,,,,,,,,,,,,,,,,,,,,,,,,,,,,,,,,,,,
United Western Bank Ltd. [Merged],,,,,,,,,,,,,,,,,,,,,,,,,,,,,,,,,,,,,,,,,,,,,,,,,,,,,,,,,,,,,,,,,,,,,,,,,,,,,,,,,,,,,,,,,,,,,,,,,,,,,,,,,,,,,,,,,,,,,,,,,,,,,,,,,,,,,,,,,,,,,,,,,,,,,,,,,,,,,,,,,,,,,,,,,,,,,,,,,,,,,,,,,,,,,,,,,,,,,,,,,,,,,,,,,,
Unity Small Finance Bank Ltd.,,,,,,,,,,,,,,,,,,,,,,,,,,,,,,,,,,,,,,,,,,,,,,,,,,,,,,,,,,,,,,,,,,,,,,,,,,,,,,,,,,,,,,,,,,,,,,,,,,,,,,,,,,,,,,,,,,,,,,,,,,,,,,,,,,,,,,,,,,,,,,,,,,,,,,,,,,,,,,,,,,,,,,,,,,,,,,,,,,,,,,,,,,,,,,,,,,,,,,,,,,,,,,,,,,
Utkarsh Small Finance Bank Ltd.,,,,,,,,,,,,,,,,,,,,,,,,,,,,,,,,,,,,,,,,,,,,,,,,,,,,,,,,,,,,,,,,,,,,,,,,,,,,,,,,,,,,,,,,,,,,,,,,,,,,,,,,,,,,,,,,,57.47,33.72,1.85,1.09,,,84.52,,,,60.77,23.75,,,65.57,5.69,1.39,0.12,,23.75,56.32,,,20.19,,59.88,,,44.65,11.09,0.71,0.18,,59.88,28.35,,,56.01,1.34,30.88,,,315.29,108.82,3.75,1.33,,33.56,210.37,,,35.33,2.13,206.47,,,648.16,235.79,6.1,2.31,,605.07,1100.05,,,468.03,49.15,1123.04,,,431.5,50.51,3.23,0.39,,474.88,488.69,,,382.78,222.12,358.67,,,417.57,4.48,2.51,0.03,,358.67,391.67,,,313.42,92.56,344.36,,
Vaishya Sahakari Bank Ltd.,,,,,,,,,,,,,,,,,,,,,,,,,,,,,,,,,,,,,,,,,,,,,,,,,,,,,,,,,,,,,,,,,,,,,,,,,,,,,,,,,,,,,,,,,,,,,,,,,,,,,,,,,,,,,,,,,,,,,,,,,,,,,,,,,,,,,,,,,,,,,,,,,,,,,,,,,,,,,,,,,,,,,,,,,,,,,,,,,,,,,,,,,,,,,,,,,,,,,,,,,,,,,,,,,,
Vasant Sahakari Bank Ltd.,,,,,,,,,,,,,,,,,,,,,,,,,,,,,,,,,,,,,,,,,,,,,,,,,,,,,,,,,,,,,,,,,,,,,,,,,,,,,,,,,,,,,,,,,,,,,,,,,,,,,,,,,,,,,,,,,,,,,,,,,,,,,,,,,,,,,,,,,,,,,,,,,,,,,,,,,,,,,,,,,,,,,,,,,,,,,,,,,,,,,,,,,,,,,,,,,,,,,,,,,,,,,,,,,,
Veerashaiva Co-Op. Bank Ltd.,,,,,,,,,,,,,,,,,,,,,,,,,,,,,,,,,,,,,,,,,,,,,,,,,,,,,,,,,,,,,,,,,,,,,,,,,,,,,,,,,,,,,,,,,,,,,,,,,,,,,,,,,,,,,,,,,,,,,,,,,,,,,,,,,,,,,,,,,,,,,,,,,,,,,,,,,,,,,,,,,,,,,,,,,,,,,,,,,,,,,,,,,,,,,,,,,,,,,,,,,,,,,,,,,,
Vijaya Bank [Merged],,,,,,,,,,,,,,,,,,,,,,,,,,,,,,,,,,,,,,,,,,,,,,,,,,,,,,,,,,,,,,,,,,,,,,,,,,,,,,,,,,,,,,,,,,,,,,,,,,,,,,,,,,,,,,,,,,,,,,,,,,,,,,,,,,,,,,,,,,,,,1985.85,1262.37,2.41,1.55,12.47,619.24,384.04,,,293.36,,709.92,,9.25,2443.21,1659.81,2.78,1.92,17.09,709.92,836.07,,,776.24,,769.75,,9.25,6027.07,4276.82,6.64,4.81,,769.75,1459.38,,,498.73,,1730.4,,9.25,6381.78,4118.16,6.59,4.36,90.13,1730.4,1558.29,,,1061.36,,2227.33,,9.25,12740.43,5021.24,6.34,4.32,174.25,2227.33,1746.63,,,1531.31,,2442.65,,174.25
Vima Kamgar Co.Op. Bank Ltd.,,,,,,,,,,,,,,,,,,,,,,,,,,,,,,,,,,,,,,,,,,,,,,,,,,,,,,,,,,,,,,,,,,,,,,,,,,,,,,,,,,,,,,,,,,,,,,,,,,,,,,,,,,,,,,,,,,,,,,,,,,,,,,,,,,,,,,,,,,,,,,,,,,,,,,,,,,,,,,,,,,,,,,,,,,,,,,,,,,,,,,,,,,,,,,,,,,,,,,,,,,,,,,,,,,
Vinayak Local Area Bank Ltd.,,,,,,,,,,,,,,,,,,,,,,,,,,,,,,,,,,,,,,,,,,,,,,,,,,,,,,,,,,,,,,,,,,,,,,,,,,,,,,,,,,,,,,,,,,,,,,,,,,,,,,,,,,,,,,,,,,,,,,,,,,,,,,,,,,,,,,,,,,,,,,,,,,,,,,,,,,,,,,,,,,,,,,,,,,,,,,,,,,,,,,,,,,,,,,,,,,,,,,,,,,,,,,,,,,
Wai Urban Co-Op. Bank Ltd.,,,,,,,,,,,,,,,,,,,,,,,,,,,,,,,,,,,,,,,,,,,,,,,,,,,,,,,,,,,,,,,,,,,,,,,,,,,,,,,,,,,,,,,,,,,,,,,,,,,,,,,,,,,,,,,,,,,,,,,,,,,,,,,,,,,,,,,,,,,,,,,,,,,,,,,,,,,,,,,,,,,,,,,,,,,,,,,,,,,,,,,,,,,,,,,,,,,,,,,,,,,,,,,,,,
Westpac Banking Corpn.,,,,,,,,,,,,,,,,,,,,,,,,,,,,,,,,,,,,,,,,,,,,,,,,,,,,,,,,,,,,,,,,,,,,,,,,,,,,,,,,,,,,,,,,,,,,,,,,,,,,,,,,,,,,,,,,,,,,,,,,,,,,,,,,,,,,,,,,,,,,,,,,,,,,,,,,,,,,,,,,,,,,,,,,,,,,,,,,,,,,,,,,,,,,,,,,,,,,,,,,,,,,,,,,,,
Woori Bank,,,,,,,,,,,,,,,,,,,,,,,,,,,,,,,,,,,,,,,,,,,,,,,,,,,,,,,,,,,,,,,,,,,,,,,,,,,,,,,,,,,,,,,,,,,,,,,,,,,,,,,,,,,,,,,,,,,,,,,,,,,,,,,,,,,,,,,,,,,,,,,,,,,,,,,,,,,,,,,,,,,,,,,,,,,,,,,,,,,,,,,,,,,,,,,,,,,,,,,,,,,,,,,,,,
Yes Bank Ltd.,,,,,,,,,,,,,,,,,,,,,,,,,,,,,,,,,,,,,,,,,,,,,,,,,,,,,,,,,,,,,,,,,,,,,,,,,,,,,,,,,,,,,,,,,,,,,,,,,,,,,,,,,,,,,,,,,,,,,,,,,,,,,,,,,,,,,,,,,,,,,,,,,,,,,,,,,,,,,,,,,,,,,,,,,,,,,,,,,,,,,,,,,,,,,,,,,,,,,,,,,,,,,,,,,,
Zoroastrian Co-Op. Bank Ltd.,,,,,,,,,,,,,,,,,,,,,,,,,,,,,,,,,,,,,,,,,,,,,,,,,,,,,,,,,,,,,,,,,,,,,,,,,,,,,,,,,,,,,,,,,,,,,,,,,,,,,,,,,,,,,,,,,,,,,,,,,,,,,,,,,,,,,,,,,,,,,,,,,,,,,,,,,,,,,,,,,,,,,,,,,,,,,,,,,,,,,,,,,,,,,,,,,,,,,,,,,,,,,,,,,,
